{"data": {"values": [{"Rupubawev": 0, "Zafogalu": 2.0461538462}, {"Rupubawev": 1, "Zafogalu": 1.0153846154}, {"Rupubawev": 2, "Zafogalu": 1.0153846154}, {"Rupubawev": 3, "Zafogalu": 1.0153846154}, {"Rupubawev": 4, "Zafogalu": 2.0461538462}, {"Rupubawev": 5, "Zafogalu": 0.0}, {"Rupubawev": 6, "Zafogalu": 1.0153846154}, {"Rupubawev": 7, "Zafogalu": 3.0769230769}, {"Rupubawev": 8, "Zafogalu": 1.0153846154}, {"Rupubawev": 9, "Zafogalu": 1.0153846154}]}, "mark": "bar", "encoding": {"x": {"field": "Rupubawev", "type": "nominal"}, "y": {"field": "Zafogalu", "type": "quantitative"}}, "title": " Fepohu Tufaf"}