{"data": {"values": [{"Rutoy": 0, "Paxoheyomec": 1.0153846154}, {"Rutoy": 1, "Paxoheyomec": 1.0153846154}, {"Rutoy": 2, "Paxoheyomec": 1.0153846154}, {"Rutoy": 3, "Paxoheyomec": 0.0}, {"Rutoy": 4, "Paxoheyomec": 0.0}, {"Rutoy": 5, "Paxoheyomec": 1.0153846154}, {"Rutoy": 6, "Paxoheyomec": 1.0153846154}, {"Rutoy": 7, "Paxoheyomec": 0.0}, {"Rutoy": 8, "Paxoheyomec": 1.0153846154}, {"Rutoy": 9, "Paxoheyomec": 1.0153846154}, {"Rutoy": 10, "Paxoheyomec": 1.0153846154}, {"Rutoy": 11, "Paxoheyomec": 3.0769230769}, {"Rutoy": 12, "Paxoheyomec": 2.0461538462}, {"Rutoy": 13, "Paxoheyomec": 1.0153846154}, {"Rutoy": 14, "Paxoheyomec": 0.0}, {"Rutoy": 15, "Paxoheyomec": 0.0}, {"Rutoy": 16, "Paxoheyomec": 0.0}, {"Rutoy": 17, "Paxoheyomec": 2.0461538462}, {"Rutoy": 18, "Paxoheyomec": 1.0153846154}]}, "mark": "bar", "encoding": {"x": {"field": "Rutoy", "type": "nominal"}, "y": {"field": "Paxoheyomec", "type": "quantitative"}}, "title": "Wemaz Pegaw"}