{"data": {"values": [{"Vodoka": 0, "Kimalozokav": 0.72}, {"Vodoka": 1, "Kimalozokav": 0.36}, {"Vodoka": 2, "Kimalozokav": 0.64}, {"Vodoka": 3, "Kimalozokav": 1.01}, {"Vodoka": 4, "Kimalozokav": 0.28}, {"Vodoka": 5, "Kimalozokav": 0.22}, {"Vodoka": 6, "Kimalozokav": 1.76}, {"Vodoka": 7, "Kimalozokav": 0.0}, {"Vodoka": 8, "Kimalozokav": 1.0}, {"Vodoka": 9, "Kimalozokav": 0.58}, {"Vodoka": 10, "Kimalozokav": 1.43}, {"Vodoka": 11, "Kimalozokav": 0.85}, {"Vodoka": 12, "Kimalozokav": 0.29}, {"Vodoka": 13, "Kimalozokav": 0.68}, {"Vodoka": 14, "Kimalozokav": 1.84}, {"Vodoka": 15, "Kimalozokav": 0.0}, {"Vodoka": 16, "Kimalozokav": 0.0}, {"Vodoka": 17, "Kimalozokav": 0.15}, {"Vodoka": 18, "Kimalozokav": 1.75}, {"Vodoka": 19, "Kimalozokav": 0.17}]}, "mark": "bar", "encoding": {"x": {"field": "Vodoka", "type": "nominal"}, "y": {"field": "Kimalozokav", "type": "quantitative"}}, "title": "Bujabaz Voros"}