{"data": {"values": [{"Fasagasezi": 0, "Nowacojizez": 0.15}, {"Fasagasezi": 1, "Nowacojizez": 0.84}, {"Fasagasezi": 2, "Nowacojizez": 0.65}, {"Fasagasezi": 3, "Nowacojizez": 0.0}, {"Fasagasezi": 4, "Nowacojizez": 0.39}, {"Fasagasezi": 5, "Nowacojizez": 0.09}, {"Fasagasezi": 6, "Nowacojizez": 0.54}, {"Fasagasezi": 7, "Nowacojizez": 0.97}]}, "mark": "bar", "encoding": {"x": {"field": "Fasagasezi", "type": "nominal"}, "y": {"field": "Nowacojizez", "type": "quantitative"}}, "title": " Muhamef Wafux"}