{"data": {"values": [{"Tuvabiw": 0, "Yonare": 2.0}, {"Tuvabiw": 1, "Yonare": 1.0}, {"Tuvabiw": 2, "Yonare": 0.0}, {"Tuvabiw": 3, "Yonare": 3.0}, {"Tuvabiw": 4, "Yonare": 1.0}, {"Tuvabiw": 5, "Yonare": 5.0}, {"Tuvabiw": 6, "Yonare": 0.0}, {"Tuvabiw": 7, "Yonare": 1.0}, {"Tuvabiw": 8, "Yonare": 1.0}, {"Tuvabiw": 9, "Yonare": 2.0}, {"Tuvabiw": 10, "Yonare": 2.0}, {"Tuvabiw": 11, "Yonare": 0.0}, {"Tuvabiw": 12, "Yonare": 0.0}, {"Tuvabiw": 13, "Yonare": 1.0}, {"Tuvabiw": 14, "Yonare": 1.0}, {"Tuvabiw": 15, "Yonare": 1.0}]}, "mark": "bar", "encoding": {"x": {"field": "Tuvabiw", "type": "nominal"}, "y": {"field": "Yonare", "type": "quantitative"}}, "title": "Belitefi Nolaz"}