{"data": {"values": [{"Badocijafun": 0, "Gepuxunu": 0.3684210526}, {"Badocijafun": 1, "Gepuxunu": 0.7894736842}, {"Badocijafun": 2, "Gepuxunu": 0.6666666667}, {"Badocijafun": 3, "Gepuxunu": 0.9473684211}, {"Badocijafun": 4, "Gepuxunu": 1.4912280702}, {"Badocijafun": 5, "Gepuxunu": 1.3684210526}, {"Badocijafun": 6, "Gepuxunu": 3.4736842105}, {"Badocijafun": 7, "Gepuxunu": 1.1929824561}, {"Badocijafun": 8, "Gepuxunu": 1.701754386}, {"Badocijafun": 9, "Gepuxunu": 0.1403508772}, {"Badocijafun": 10, "Gepuxunu": 0.1403508772}]}, "mark": "bar", "encoding": {"x": {"field": "Badocijafun", "type": "nominal"}, "y": {"field": "Gepuxunu", "type": "quantitative"}}, "title": " Cocelelavow Qobigq"}