{"data": {"values": [{"Dolaj": 0, "Fafijohu": 3.7419354839}, {"Dolaj": 1, "Fafijohu": 0.0}, {"Dolaj": 2, "Fafijohu": 2.9677419355}, {"Dolaj": 3, "Fafijohu": 3.3548387097}, {"Dolaj": 4, "Fafijohu": 2.2580645161}, {"Dolaj": 5, "Fafijohu": 6.8387096774}, {"Dolaj": 6, "Fafijohu": 1.8709677419}, {"Dolaj": 7, "Fafijohu": 2.7741935484}, {"Dolaj": 8, "Fafijohu": 5.6774193548}, {"Dolaj": 9, "Fafijohu": 4.5806451613}, {"Dolaj": 10, "Fafijohu": 2.7741935484}, {"Dolaj": 11, "Fafijohu": 0.0}, {"Dolaj": 12, "Fafijohu": 10.3870967742}, {"Dolaj": 13, "Fafijohu": 3.2903225806}, {"Dolaj": 14, "Fafijohu": 3.0967741935}, {"Dolaj": 15, "Fafijohu": 12.064516129}, {"Dolaj": 16, "Fafijohu": 0.9677419355}, {"Dolaj": 17, "Fafijohu": 1.7419354839}, {"Dolaj": 18, "Fafijohu": 1.8709677419}]}, "mark": "bar", "encoding": {"x": {"field": "Dolaj", "type": "nominal"}, "y": {"field": "Fafijohu", "type": "quantitative"}}, "title": "Woruwuzot Xowuv"}