{"data": {"values": [{"Pebegivi": 0, "Zozoguduwi": 2.5161290323}, {"Pebegivi": 1, "Zozoguduwi": 12.3870967742}, {"Pebegivi": 2, "Zozoguduwi": 4.1290322581}, {"Pebegivi": 3, "Zozoguduwi": 1.4193548387}, {"Pebegivi": 4, "Zozoguduwi": 4.1935483871}, {"Pebegivi": 5, "Zozoguduwi": 2.1935483871}, {"Pebegivi": 6, "Zozoguduwi": 8.7741935484}, {"Pebegivi": 7, "Zozoguduwi": 3.6129032258}, {"Pebegivi": 8, "Zozoguduwi": 6.9677419355}, {"Pebegivi": 9, "Zozoguduwi": 2.5806451613}, {"Pebegivi": 10, "Zozoguduwi": 4.7741935484}, {"Pebegivi": 11, "Zozoguduwi": 9.3548387097}, {"Pebegivi": 12, "Zozoguduwi": 0.4516129032}, {"Pebegivi": 13, "Zozoguduwi": 0.0}, {"Pebegivi": 14, "Zozoguduwi": 5.2258064516}, {"Pebegivi": 15, "Zozoguduwi": 1.7419354839}, {"Pebegivi": 16, "Zozoguduwi": 2.1935483871}, {"Pebegivi": 17, "Zozoguduwi": 9.0322580645}, {"Pebegivi": 18, "Zozoguduwi": 2.8387096774}, {"Pebegivi": 19, "Zozoguduwi": 2.7096774194}, {"Pebegivi": 20, "Zozoguduwi": 4.9677419355}]}, "mark": "bar", "encoding": {"x": {"field": "Pebegivi", "type": "nominal"}, "y": {"field": "Zozoguduwi", "type": "quantitative"}}, "title": "Bavayipeve Penuh"}