{"data": {"values": [{"Wetama": 0, "Hokibem": 0.7428571429}, {"Wetama": 1, "Hokibem": 0.9}, {"Wetama": 2, "Hokibem": 0.8285714286}, {"Wetama": 3, "Hokibem": 0.6714285714}, {"Wetama": 4, "Hokibem": 0.8857142857}, {"Wetama": 5, "Hokibem": 1.0285714286}, {"Wetama": 6, "Hokibem": 0.1142857143}, {"Wetama": 7, "Hokibem": 0.4571428571}, {"Wetama": 8, "Hokibem": 0.9142857143}, {"Wetama": 9, "Hokibem": 0.9428571429}, {"Wetama": 10, "Hokibem": 0.0}, {"Wetama": 11, "Hokibem": 0.1}, {"Wetama": 12, "Hokibem": 2.7714285714}, {"Wetama": 13, "Hokibem": 1.9571428571}, {"Wetama": 14, "Hokibem": 0.5428571429}, {"Wetama": 15, "Hokibem": 0.8142857143}, {"Wetama": 16, "Hokibem": 2.1714285714}]}, "mark": "bar", "encoding": {"x": {"field": "Wetama", "type": "nominal"}, "y": {"field": "Hokibem", "type": "quantitative"}}, "title": " Puyijuz Nugud"}