{"data": {"values": [{"Tozaxeri": 0, "Yorave": 0.2090909091}, {"Tozaxeri": 1, "Yorave": 0.0590909091}, {"Tozaxeri": 2, "Yorave": 0.4909090909}, {"Tozaxeri": 3, "Yorave": 0.0}, {"Tozaxeri": 4, "Yorave": 0.2318181818}, {"Tozaxeri": 5, "Yorave": 0.8954545455}, {"Tozaxeri": 6, "Yorave": 0.2590909091}, {"Tozaxeri": 7, "Yorave": 0.1090909091}, {"Tozaxeri": 8, "Yorave": 0.5318181818}, {"Tozaxeri": 9, "Yorave": 0.15}, {"Tozaxeri": 10, "Yorave": 0.5818181818}, {"Tozaxeri": 11, "Yorave": 0.8545454545}, {"Tozaxeri": 12, "Yorave": 0.2818181818}, {"Tozaxeri": 13, "Yorave": 0.5136363636}, {"Tozaxeri": 14, "Yorave": 0.3818181818}, {"Tozaxeri": 15, "Yorave": 0.5727272727}, {"Tozaxeri": 16, "Yorave": 0.8454545455}, {"Tozaxeri": 17, "Yorave": 0.4136363636}, {"Tozaxeri": 18, "Yorave": 0.8772727273}]}, "mark": "bar", "encoding": {"x": {"field": "Tozaxeri", "type": "nominal"}, "y": {"field": "Yorave", "type": "quantitative"}}, "title": " Linifefo Vonak"}