{"data": {"values": [{"Johab": 0, "Pepupebuc": 3.0769230769}, {"Johab": 1, "Pepupebuc": 2.0461538462}, {"Johab": 2, "Pepupebuc": 0.0}, {"Johab": 3, "Pepupebuc": 1.0153846154}, {"Johab": 4, "Pepupebuc": 1.0153846154}, {"Johab": 5, "Pepupebuc": 0.0}, {"Johab": 6, "Pepupebuc": 0.0}, {"Johab": 7, "Pepupebuc": 0.0}, {"Johab": 8, "Pepupebuc": 0.0}, {"Johab": 9, "Pepupebuc": 1.0153846154}, {"Johab": 10, "Pepupebuc": 2.0461538462}, {"Johab": 11, "Pepupebuc": 0.0}, {"Johab": 12, "Pepupebuc": 0.0}, {"Johab": 13, "Pepupebuc": 1.0153846154}, {"Johab": 14, "Pepupebuc": 0.0}, {"Johab": 15, "Pepupebuc": 0.0}, {"Johab": 16, "Pepupebuc": 1.0153846154}]}, "mark": "bar", "encoding": {"x": {"field": "Johab", "type": "nominal"}, "y": {"field": "Pepupebuc", "type": "quantitative"}}, "title": " Sokutat Zucir"}