{"data": {"values": [{"Rafobewigq": 0, "Rajudeyu": 0.3636363636}, {"Rafobewigq": 1, "Rajudeyu": 0.7757575758}, {"Rafobewigq": 2, "Rajudeyu": 0.2060606061}, {"Rafobewigq": 3, "Rajudeyu": 1.3818181818}, {"Rafobewigq": 4, "Rajudeyu": 0.2787878788}, {"Rafobewigq": 5, "Rajudeyu": 0.4}, {"Rafobewigq": 6, "Rajudeyu": 0.6060606061}, {"Rafobewigq": 7, "Rajudeyu": 0.7272727273}, {"Rafobewigq": 8, "Rajudeyu": 0.0}, {"Rafobewigq": 9, "Rajudeyu": 0.3878787879}, {"Rafobewigq": 10, "Rajudeyu": 1.4545454545}, {"Rafobewigq": 11, "Rajudeyu": 2.2545454545}, {"Rafobewigq": 12, "Rajudeyu": 1.0303030303}, {"Rafobewigq": 13, "Rajudeyu": 1.3333333333}, {"Rafobewigq": 14, "Rajudeyu": 0.4}, {"Rafobewigq": 15, "Rajudeyu": 1.103030303}, {"Rafobewigq": 16, "Rajudeyu": 0.303030303}, {"Rafobewigq": 17, "Rajudeyu": 1.0787878788}]}, "mark": "bar", "encoding": {"x": {"field": "Rafobewigq", "type": "nominal"}, "y": {"field": "Rajudeyu", "type": "quantitative"}}, "title": "Tusetaj Papaw"}