Genes,Controle,Osmoses_2M,Thermal_50C,Acid_PH
Cp1002_0061,0,1.89720944118751,3.33406621968349,2.90395027424137
Cp1002_0220,0,0,0,3.03890143548159
Cp1002_0327,0,3.35191237412397,2.76899094960315,3.22620793702899
Cp1002_0330,0,2.54135376008446,1.96903441761572,1.90693291404238
Cp1002_0361,0,3.365318798866,0,3.25545087999767
Cp1002_0403,0,2.56766226032677,2.11403046791754,3.23131873336379
Cp1002_0467,0,0,0,1.72036165314076
Cp1002_0493,0,5.66515112667586,3.01209127162873,5.96801469742663
Cp1002_0511,0,5.03782585719401,4.29248729162076,4.77911260631274
Cp1002_0634,0,0,0,5.08005641514278
Cp1002_0813,0,1.53050028967624,1.92333937163215,2.63168403844398
Cp1002_0929,0,7.94339392934751,0,0
Cp1002_1418,0,0,10.3397609448865,0
Cp1002_1419,0,7.07217012849218,0,7.67652130205656
Cp1002_1494,0,9.59428914267949,0,0
Cp1002_1514,0,0,3.15167376071544,3.71487192350274
Cp1002_1609,0,5.635557066314,0,0
Cp1002_1616,0,2.01386955149728,0.710920357348003,1.17730551323277
Cp1002_1622,0,0.426362452044269,0.662893635517903,1.55670407157252
Cp1002_1744,0,0,0,1.25687177476391
Cp1002_1801,0,4.77321570874834,3.49237878273643,0
Cp1002_1810,0,2.19866072972402,1.83266321480239,0.943952073722484
crcB2,0,3.90958111597968,2.10471909106367,2.59670858570854
esxT,0,3.57427108444171,3.71437741518321,3.6010665368035
glbO,0,2.25469985291323,0,1.97616930793868
glgX,0,1.05054348885226,1.756698817064,0
mepB,0,1.79932773521228,1.8853205526616,1.6171197807321
ycaO,0,1.19893412424768,0.124541346926321,1.14098146940062
gspE,0.287991122851217,0.895992778048973,1.08735421071053,1.09862167722896
Cp1002_1621,0.316318391850752,0.160930511543387,0.183953944969003,0.662508137579326
Cp1002_1893,0.342791382668889,0.75961946747864,1.16277076052626,1.87983905260174
fecB,0.391398201956444,0.459297310592874,0.72190982390797,0.420459765079196
tauD,0.403242631772585,0.672546636408431,1.09908644456124,0.886195038719001
Cp1002_1878,0.40514391443911,1.45332266064831,1.17456621196635,1.63675221004088
pfoS,0.471993791303172,1.32966898982121,0.809224267619449,1.18945138620503
Cp1002_1811,0.474710148738557,0.890252115157069,1.30748098587627,2.00204717380841
Cp1002_2047,0.486619648819374,1.4094289548943,2.40270580729312,1.96811287627241
Cp1002_1890,0.510007906562973,0.641242661313504,0.553027194908196,1.75582761922228
Cp1002_0993,0.565080442533836,1.89305150273685,1.14701357068799,0.818632177261155
Cp1002_1634,0.670753336572558,1.78918253015275,2.00234247669418,3.75790865292599
Cp1002_1936,0.734103046046511,1.82007682109751,1.45093408778932,2.25323596463877
phuC,0.738737577710473,2.62655594938034,2.25274565352443,1.98239675715785
Cp1002_1780,0.774514252456743,1.12367943820159,1.18105801262295,1.01488370823873
htaB,0.78114397514003,0,1.24751438792898,0
Cp1002_1922,0.794911548390945,0.816394909169121,0.372631215764711,0.932972775420963
Cp1002_0524,0.802391767757173,0.815070397212566,0.855581540206779,0.642973221095576
mgtE1,0.840443091389792,0.948180685480798,0.771801929350082,1.99072981871395
mutY,0.86754305924062,1.99108188455684,1.53748990456491,0.882492805634927
bioY,0.911715354990099,2.13693617074692,1.6292726790171,1.88670621136873
Cp1002_2046,0.926845045560077,2.06503800881684,2.50671364086853,2.02947762253824
ygbN,0.982818022811749,2.45125859632765,1.10706513336028,2.37007219068364
desA3,1.02093950399726,1.28878377707988,0.599323507330638,1.42111286233242
Cp1002_0223,1.09436445385582,1.24240129195558,0.866566991139346,1.67505261358875
Cp1002_1948,1.11754212218792,2.10465200519416,0.576867472699916,1.24917831918694
Cp1002_1535,1.13160265355183,1.39047509327564,1.73803279368133,2.35481885303423
eccC3,1.14502524223657,1.57760043055911,1.07413546712429,1.41458478268614
gluD,1.18222191496938,2.00779111818032,0.922640105572943,2.17958111323004
Cp1002_0409,1.21110566961748,2.53371035110035,1.12872891565501,1.7715010902468
trpD,1.22652086048283,1.02773441068048,0.836554357917772,1.56689793919918
fecD,1.23004311502976,0.508867732951271,0.327083720061229,1.81176693762571
Cp1002_1153,1.23667629199905,2.781424764489,2.99680450089617,2.51312686767884
dgoR,1.25493865240596,0.919004399866456,0,1.22504042658797
Cp1002_1913,1.26463851194811,1.2774373117229,1.40888030146443,1.4409309426975
lysG,1.31667868779447,2.06844725299294,2.27165276017359,1.55028997505539
Cp1002_1560,1.32823904642651,2.24632295204502,2.08063719944065,1.96392535800347
arcB,1.34424903066306,1.3289742947512,1.60835034537498,2.1204448432183
Cp1002_1649,1.34703628859179,1.48759439307683,1.06899404819131,1.99865766933142
Cp1002_1061,1.36879628096013,2.54077620464762,2.31336486196261,1.34871399273786
leuC,1.37365934641987,1.9486905459509,1.20255563694229,1.51129091747255
mscS,1.39755108419556,0.881829041949674,1.32128162268846,1.21386982378409
Cp1002_0288,1.40335499047736,1.58788340382098,1.5544709756078,2.52647952053942
Cp1002_0328,1.4059760271867,0,1.7614640032686,1.81589098389019
trpC,1.40757029478141,0.921718900735104,0.839690366760528,1.71165348425964
fecE,1.44662148991482,0.410139178310709,0.646995768842702,0.874530234429687
uvrB,1.45360712756618,1.5251317575124,1.60202922491099,1.94870923242761
Cp1002_0774,1.45632254197751,2.22327116713848,1.5641879105204,2.10287309202508
Cp1002_1727,1.45808272414471,3.52053539664155,2.18042160344212,2.5661405211497
Cp1002_1724,1.49966988349413,1.88842569929771,3.1475704631509,3.91995974562804
nrdG,1.50269721253674,1.83439975096038,1.46514908521849,3.14768767628273
tetR3,1.53192287644525,1.90184195750126,2.01762265132405,6.21634815298517
rmlD,1.5532671060847,2.08762237752772,1.99293516478167,1.88075995974491
serB,1.56725337455015,0.901803350250744,2.28174572103125,0.65058168363306
Cp1002_0615,1.56985560833095,2.90443400010865,3.1948702960158,2.57938533614287
mrpD,1.573864067705,2.40657204328252,2.45272457042305,2.69246067608248
Cp1002_0331,1.57680750452361,1.76764632423278,2.03797253426622,1.51037459755207
Cp1002_0301,1.61150763191609,3.37653766541506,2.80778766566158,2.96148071851966
Cp1002_1914,1.62481679918314,3.32557926004597,2.54302810714794,3.42479178305346
nrdF,1.62888555425578,2.00385405672862,1.35445780270791,1.47999620759525
nrdD,1.64603359240365,2.05213066587704,2.14730669878029,3.00393139263513
Cp1002_1313,1.6763892828617,3.01434636538113,2.41954428475619,2.22799977677491
Cp1002_0720,1.68505206282797,3.97536421874438,1.39923673153231,2.6221572714835
Cp1002_1158,1.68519114263642,2.2304397533577,0.87843186883481,2.36290747027038
pldB1,1.68666635754814,0.806231655949505,1.00681503911634,1.08490785859674
Cp1002_0927,1.69779605574389,2.10199625447686,2.58650535913278,2.41684514525492
menF,1.70537637698648,3.64429470241661,2.65234193135331,2.82717474792236
gluA,1.7178200685898,1.8278474718447,2.16032969796191,1.74209246808125
rluC,1.72100947900369,3.8500792958058,2.79479845473345,2.46712033172288
Cp1002_1459,1.7264301705287,2.71114905890726,1.9993903325439,2.46484859261344
Cp1002_0206,1.72683121703249,2.51729837295335,2.65344070991963,2.97072483653238
mhpC,1.76099159757997,2.3309455525137,2.0511702147072,3.5392829085698
abgT,1.76293555531502,2.18602824492413,1.6302144042548,2.3560649106828
gluC,1.76629408300313,3.78112886384965,3.55102375624274,3.19332861818491
ykoD,1.79082624214872,2.30428615076404,1.95052813638267,2.68919626698789
Cp1002_0193,1.81589508155347,2.56279924283878,2.69204549405331,2.63534113866551
Cp1002_1938,1.81993381110276,2.22443239188028,1.7996178549596,1.97350841899203
trpB,1.83599277238257,1.91693135610909,2.20477300962169,3.35189541778188
Cp1002_0616,1.83660686912915,2.94227239375952,1.70795762282338,2.27123441966593
Cp1002_1894,1.83749926741733,1.81851111141669,2.9518954722957,1.54743502207132
lysA,1.85762276430072,1.41911815647583,1.50652577904312,1.42002959402976
Cp1002_0408,1.86069667402285,3.01468557519566,3.13823616119615,1.27597845299987
yceI,1.89080464676906,3.38908766934896,3.23167201847492,2.15034520596636
acsA,1.89867272687207,1.14923985190903,1.68164266119599,2.3026758416871
ino1,1.92266217681978,1.8162228569122,1.90736756791363,3.08990147958187
radA,1.9288591929827,2.42484148847096,1.91161489172556,2.16467044605931
holA,1.94209782299382,3.40267579596449,2.38079870063561,2.45725544329121
rbsR,1.99540491971387,2.27577588251979,2.23839250980535,2.68793186682397
uvrA,1.99927486353615,2.16490853525463,1.71983617529125,2.18387393364151
Cp1002_1939,2.00240008972239,1.7284342891304,1.7214251599332,2.07760875438811
oppCD1,2.01007084665879,1.78822213643326,2.20514536929783,2.55489577541901
lcfA1,2.01941014389668,2.31930866954546,2.26567692517217,2.71671878633452
pstS,2.02084352209794,3.03600564559335,3.19078866841896,2.47629613438127
Cp1002_0546,2.02247079558342,2.68864141008832,2.33829889556801,2.08563540215176
Cp1002_0567,2.03234773806137,2.35360559133812,1.7345904066962,0
pheA,2.04539404132057,1.25387432997215,1.33046661531931,1.14451631136313
Cp1002_1062,2.04748604038835,2.43958058739849,1.67980660426287,3.04105895327049
lysI,2.04783848278833,2.6553724383945,2.41736377189429,2.61177672141908
crtI2,2.05054000628137,2.07360775424287,1.25838022635813,1.7200157350828
Cp1002_1210,2.05177927060287,2.92280677318789,1.7998457652681,2.47799846629997
Cp1002_1984,2.06490698825027,1.57307878243387,2.25771670196022,3.86212403252205
potA,2.06829934195333,2.39546044581586,2.20694948288256,3.03068920407114
Cp1002_0213,2.07084954289786,2.34010076067342,2.724379604612,2.21790381686181
mycP,2.07199943854249,2.58167181044993,2.55921034396889,3.50628456921176
Cp1002_1999,2.07316556042042,2.57328968805361,2.36583528808422,1.54839716583053
kstR,2.07401212295794,2.60476877403905,2.29344994502359,2.12871242128359
norM,2.07512868846616,2.05207152612813,1.78698102928167,1.77410178142063
gspF,2.07915279243564,1.8569856897822,1.95283301772413,2.20974655385482
tlyC,2.11526634658072,3.30896803546674,3.04133936898679,2.475250939008
Cp1002_0518,2.1300313754431,4.15672019965182,2.0734706543762,3.50792146495733
pth2,2.1373723636934,2.44943723807471,1.8845705710618,1.89812707162524
rfbA,2.13794610092741,2.07323755469793,2.26088077908489,2.45878619614103
bioB,2.14498936196799,1.28256434884263,0.836094601236664,1.7289305318287
cobN,2.14762255905186,2.83453931170528,2.22374688816229,2.05873902385498
Cp1002_0729,2.15739302001653,3.21428647763458,2.77609135127294,2.96024108674789
ogt,2.19481515191087,5.39075021724018,4.76281652598111,4.75138337876807
Cp1002_0992,2.2018063470044,6.55245392588379,2.92472510807393,4.44345415267181
mutT1,2.21401908675667,4.17854733939432,3.64389081404022,3.54384228661355
Cp1002_0289,2.21942256734052,2.86067283964252,1.83237156322276,2.86244345623306
Cp1002_1215,2.22754393922271,1.77384023562515,1.47865605964073,2.23663955914617
Cp1002_1745,2.23998758679242,1.88787225565626,2.48769728434359,2.227337532962
Cp1002_0382,2.24044561624193,1.43876125215143,1.84093448762993,2.60112835830282
deoC,2.24221529650671,1.47982035180493,1.21733619974366,1.44758977539216
Cp1002_1002,2.24967287756465,3.09983548251618,2.92409228248479,2.02033862327379
cobA,2.26181060174841,3.02282407641154,2.92882130200883,2.39752644162748
Cp1002_1235,2.27745219043566,3.90041280070609,3.30560724869472,3.81302181320831
araJ,2.28322840111563,3.78089797722983,2.81163748573925,2.91540808122163
oppB5,2.29276408346613,2.02584384642582,1.74475958219351,2.33619768066275
bioF,2.29370007088045,2.58740099785087,2.48412008128485,2.6339263615452
pcrA,2.295911062148,2.94885871552869,2.73358428570791,2.63983181070774
Cp1002_1877,2.30052205845755,1.99244578198238,1.89884296002771,2.81851520164482
rarD,2.32827351956358,3.65186683476524,2.89979434820883,3.45982502727698
crtB,2.33375288254338,1.59213886176568,1.44702369830939,1.75731773111825
Cp1002_1092,2.34476885679649,2.27877578169753,2.23294619799501,2.52295966198722
Cp1002_1048,2.35241108404904,3.98612874017044,2.76891898565963,3.46976878509454
mrpA1,2.37562056395274,2.30922858465197,2.33885794261302,2.10649238079054
Cp1002_2045,2.38675577543487,2.2552348297689,1.97877039619242,3.38270736547232
Cp1002_0736,2.41844094694986,1.96028557626816,2.15045244525626,2.96932366020285
oppC2,2.41920447110269,3.24479422449381,3.11187263913281,3.25928454083615
pulA,2.43646303577161,2.73925189594261,2.53328923503455,3.38868550749531
ltbR,2.44065990975911,2.15364646877718,2.09863851923946,4.41199561824226
Cp1002_0617,2.45610696912238,2.64665806639167,2.68302266506368,3.75412855184494
bioD1,2.46184021918018,3.07762413459521,2.86643128595752,2.42947670895752
Cp1002_0221,2.487710145236,0,0,0
idnO,2.49325023080006,2.79298025561705,1.91424303838436,2.81699078872959
Cp1002_0667,2.49612483758145,1.77321992943184,1.58422172711867,2.22452808946028
icd,2.50115885929447,1.91369175432938,3.11156220662022,3.55013726225762
Cp1002_1464,2.51907636281441,3.02145485314359,3.18383106860495,2.63461185376941
Cp1002_0317,2.52067367673219,2.79412261852966,3.68783335373775,2.73070081408498
pafA1,2.5301256914745,3.20081191815776,2.85480157527349,3.89439095341161
Cp1002_0253,2.54162138978008,3.78495410056188,3.95437314603767,3.41693699897437
leuD,2.55262299200928,2.43528187890846,2.18179907545201,3.25916098462645
hpaF,2.55955788932732,2.20016532861736,2.46527971465787,2.63875272906364
Cp1002_0068,2.56361454546218,2.19345951986735,2.00367778731008,2.52964106684255
bioA,2.56682002385936,2.1823490605119,1.19866387248416,1.75755242218256
brnQ,2.56856480609801,2.10134079796987,2.51372317510176,2.68195069179712
Cp1002_1774,2.58175856721053,2.94199644962899,2.69078358962304,3.69686184060613
lcfA2,2.58453924809574,2.77049924947353,3.11399880752268,3.37723760507301
macB,2.59294014708262,3.73716755733484,3.6259016765011,2.92140586174029
ansP,2.59556333394766,2.93142777388465,3.56476836297317,2.14325952724572
Cp1002_1094,2.59648437881351,3.59929398665294,4.07323755469793,3.43003498784329
pafA,2.61843366470897,3.71002944168553,3.15050931134235,3.62041046130343
recO,2.61871321010829,4.45151445809592,2.36792455174635,3.77316294916271
arc,2.64254678279678,3.74784924594901,3.34882303265007,2.8787724170968
speE,2.65854055109852,4.18918409729686,3.65901117119815,4.03791808104574
trpE,2.67083127369832,1.51301060955796,1.88870623751276,2.25052506194434
Cp1002_0935,2.67927515187765,2.9258171718826,2.55655203625122,2.73733631915559
Cp1002_0402,2.6975959177064,2.86309795468258,2.15546429169632,2.76628772150717
sigK,2.69973817585558,2.91959560658724,2.90222990301284,3.13388405249905
manB,2.70014449033531,2.41939866013397,2.95337886190967,3.11182424275994
resA,2.70564620952314,3.33021704611187,2.68768333225307,3.16153139748847
Cp1002_1492,2.706055285548,2.51194868887003,3.12516670590656,3.42057671923875
pstB,2.72168107230235,3.07550011454258,3.5654996931662,3.44084724678299
mrpD1,2.72328550477764,3.03945778737862,3.26183466687044,2.23662731465404
Cp1002_1285,2.75276357480898,3.44226941740272,3.27264881862855,3.16797123180446
yvrC,2.75520806544462,2.92467000816975,2.32375050989525,2.96712801963318
Cp1002_1071,2.76046794026653,3.24489771189569,3.73084642856714,3.4630992673481
Cp1002_0320,2.76320121037233,2.66448056481866,3.06079275651,3.0308268996697
dacA,2.76716322367733,2.35997369863291,2.32907765900171,3.27056930737676
Cp1002_0235,2.76909253964796,2.28019320540804,2.53219724933269,2.45421801505383
mrpC1,2.77271124814636,3.29142232576336,2.42436317070663,2.47630391215328
lhr,2.78052638208692,3.18073825210075,2.55202041129291,3.97245371656901
marR1,2.78406210299584,2.84025373833267,1.71106313482755,2.14710802957703
Cp1002_1191,2.7954490378425,3.27480135937129,2.57881315090629,3.11322207710593
trpF,2.79904377582554,4.1946623129465,3.19644180450654,4.26319970517047
bioM,2.8036093619636,4.06782798935239,4.01344439350348,4.54910849283914
trpG,2.80552153490826,0.534099462705795,3.09543837769936,5.3773493695462
Cp1002_1829,2.81563075843524,2.53103454813221,2.68210805431221,2.93551255136333
thiL,2.82258740073732,2.79334865722742,2.97291317651878,3.87469861932643
Cp1002_0304,2.82680268428583,1.99132864238509,2.98432685259076,2.0283109998418
tipA,2.83229458977818,2.62374514980422,2.57003540248805,1.92538424374221
metH,2.83440784180699,3.41910466934889,2.98865742298622,2.34339360848355
recX,2.83672198317407,3.35608322703259,2.60213139852836,3.23339573010243
rfbE,2.8404028055866,3.88842180254949,3.28021993587061,3.49234032437183
Cp1002_1818,2.85046340844126,3.11723623258861,3.30932173048402,3.4464203436604
aftA,2.85751726827019,2.72449093352731,2.7366373437045,2.32191655328087
Cp1002_1365,2.8807403720952,2.56144345377096,3.11528466027048,2.39433578331307
Cp1002_0749,2.89072878348235,2.90844017938517,2.59910113510593,2.8504414047497
Cp1002_0316,2.89515136311776,3.12692496380054,3.40668087808092,3.24624237303031
Cp1002_0080,2.89643849032258,1.96932918656668,3.37854907735034,3.56966121106049
Cp1002_1638,2.90895313626115,2.37454152874034,3.43279642696409,4.74058761829855
Cp1002_0979,2.91119494089654,3.366341799791,3.31697114485963,2.79884891004261
coaA,2.94677389709364,2.76782638612155,3.13863100827718,2.94125658385328
idnD,2.95789417423429,3.02410865010691,2.93064273150751,2.71605146545115
Cp1002_1750,2.97882529820825,1.61773103840538,2.19510817928012,2.64322588291182
pgm1,2.98409895121094,2.68315520180868,4.2140082035202,3.09814833632944
Cp1002_1562,2.99888147785998,3.49107062286219,3.58975150441826,3.12902908027069
mrpG1,3.00376772337785,2.54683273899345,3.51936577130733,2.64782333537649
cyaA,3.01729304089536,2.77125175187814,3.05244197928852,2.84213005629502
Cp1002_1846,3.02596429330798,4.09937937312173,2.78834535311441,3.70282374292348
Cp1002_0521,3.0326704012607,2.51234826503967,2.38049396638616,3.44928271277946
scpB,3.03280790790602,3.39962502690478,2.91734964069488,2.63960031612984
fas,3.03298241669943,2.88028782334408,2.9646666288102,2.95983320220324
Cp1002_2015,3.03575761673355,2.19302103134813,3.18951780535226,3.88014674016431
pknL,3.05575269912684,2.83808044272743,3.24805810939935,3.27906710612494
Cp1002_1077,3.08652393537593,3.90571672620363,4.05757157477529,2.78168703700991
Cp1002_0439,3.0900268613407,0.978141436058199,3.30967679380898,3.89199265107343
glnA,3.09813148859554,2.5904103978398,2.79368783654075,3.86482004816803
Cp1002_0824,3.09824773395488,4.17863497608026,2.40062263078337,2.40706173523194
Cp1002_0536,3.10043947928031,2.88410749714857,3.42421534381547,3.06392913015722
uvrD,3.10200465583232,3.86245139132558,3.57806921227232,2.90416228562209
Cp1002_0340,3.14178426605594,3.97513489702464,2.69928287889001,3.21998781602561
Cp1002_0747,3.14482299633491,2.88751552276919,2.64248671093638,3.26565292405686
sdaB,3.15159258830879,2.57987766834681,2.81973152990496,3.13987873540148
lipT,3.15349406941552,3.00436295877959,3.23588326676774,3.02051109098157
Cp1002_1771,3.16303815566719,3.49391627726393,3.21898260415599,3.26272028490632
ispE,3.16920828490599,3.33104017398728,3.52616899534465,1.50589092972996
Cp1002_0822,3.17078395073825,1.99791018606032,2.1366770162495,3.53126915988299
opt,3.17871304791665,2.85899152262654,2.96089902100208,3.14471207525378
aroP2,3.18019879388834,3.11456525695585,3.442897063537,2.70104330424745
Cp1002_1008,3.18792290125102,4.06736336711961,4.25255190443931,4.52948990059701
Cp1002_1569,3.19289008987196,3.97423560420907,4.10637344750927,4.09340805643508
levD,3.20018730486357,2.72358477219614,2.04845243417557,3.19939751960629
Cp1002_0978,3.20716663729824,3.11108975371249,2.28846192456339,2.11212293928662
recB,3.2072400562175,4.1076292900202,3.76484505816952,3.4869074058398
bioW,3.20810205848003,3.34622649523793,3.04343025203415,3.86243155351245
glfT1,3.21019401887687,2.69806953283536,3.27616610321217,2.99849159540353
Cp1002_0231,3.21474030683514,2.35418977723971,2.13173763116427,2.24738374274284
cobD,3.22093662607785,2.98048052760547,2.32568286781699,1.88870234152221
glpF,3.23756524789176,2.38461627121006,2.81480674309309,3.78589575290501
pknA,3.23945914552628,3.16744303524279,2.88755646381066,4.32903746267317
Cp1002_0040,3.24642632985022,3.59818652495918,2.76036361183703,3.20460713781885
dnaQ3,3.24866385928164,4.03352872188051,2.78360542134174,2.40549958156006
pstC,3.24938920990293,3.27797582338531,3.44932233622791,2.80714262416786
Cp1002_0693,3.25628758043762,4.41882410851864,3.64151134850144,3.9202837711502
proB,3.26177450331269,3.78957276837319,3.05357883295488,3.58879257648167
Cp1002_1883,3.26344311153147,2.91232795280093,4.08682621770207,2.6638705890719
nei,3.26971392589348,3.4142776300945,2.46073470166991,3.49707580554596
Cp1002_1886,3.27118510725707,3.11056870752703,3.33880090691998,2.53843883525076
embC,3.27396787328583,3.42440482827658,3.22775647600289,3.65280769543112
secA2,3.27642966586291,2.6203259980895,2.64609351676118,2.99751281508858
mrpC,3.27685692220451,3.20949391648722,1.65383505677681,3.07413204103984
Cp1002_1148,3.28153654051241,4.23322851438268,3.18770599736349,3.58194170324076
udgA,3.28259103540881,4.92799597919154,4.10129709027942,4.23971880848662
Cp1002_1156,3.28830983165077,2.45487074679434,2.9741291201914,3.2918142303428
Cp1002_1956,3.30973062774937,4.0360812771161,3.65664509433497,2.57463197346564
pyrB,3.34898020555413,3.68809081693838,3.59452466367314,3.37517708917352
chrA,3.35060473800423,2.82882652730562,2.72079065145082,3.53871197183927
Cp1002_1417,3.36083620084218,4.46512557066323,4.01496223993271,3.00705194251649
pbpB,3.36451920567171,3.65307148522306,3.50478562554484,4.50596712639948
pspC,3.36958373711841,3.23261471259677,2.69947834104269,3.44445239565765
aspC,3.3702438079588,2.95131922265384,3.4036672035545,3.02334407620432
Cp1002_1933,3.37665295661502,4.33399611819645,3.77724084706654,4.38507204448384
yhcL,3.38078485047513,0.896446240622293,1.88634723882435,1.95235220572009
add,3.38668956740496,2.36534259782577,3.17363756469674,3.35805861830549
ykoE,3.39560713591231,5.88348396880247,3.65560370575804,4.06274342923735
Cp1002_0321,3.39631158890992,4.33686891750929,4.11464187715426,4.53559265686548
lpqB,3.410004545072,4.63177947795286,3.71929298036574,4.46372707198851
oppD2,3.41579922147275,3.57787591868089,3.9112026123274,3.08332911966761
padR,3.41852865135984,2.1380706537239,3.94707699057712,6.78771976291926
Cp1002_1294,3.42428925915445,4.21358835887455,3.51279576011628,4.15146919750308
uvrC,3.4265693660529,4.31924941033776,4.06821506027661,2.38444497372562
Cp1002_1940,3.42823620867554,3.26105685946655,3.01911297543568,3.70320039099515
pcsA,3.42942850208725,3.76953902773336,3.31549667323644,4.34964127702895
Cp1002_1717,3.44901852864193,3.35985004042296,4.20890737771736,3.75079942292261
Cp1002_1650,3.4498901527678,4.10280088225042,3.6593994314203,2.93344800215402
Cp1002_1932,3.45295250629117,2.42939100674114,2.90486748109768,2.83149625455964
Cp1002_1026,3.46890909211059,3.47156467126946,2.95214902380625,3.89221614318807
Cp1002_1476,3.47520164311024,3.00573412249262,3.67638025546692,4.71612940864531
Cp1002_1937,3.48194470273327,4.21935441281288,4.28382549067841,2.70265975951062
nanL,3.48202217465515,2.86170133220023,2.74768170949793,3.84829743671766
oppCD2,3.48400919826974,1.75185786970656,2.08515268056314,2.53648813050128
tcsR3,3.4846021943722,4.69821847822441,3.60557729946958,3.79293862240037
Cp1002_1720,3.49225058420068,2.26568592548747,3.40800800194703,3.32809252640347
Cp1002_0684,3.49627059108648,4.80942987954963,4.30538690647769,3.73715673859609
ung,3.50994914630431,2.59580438953961,3.11032147877255,2.20336718983966
pbp4,3.51242917838387,4.12257333342339,3.32112717686435,3.72210530561913
Cp1002_0077,3.51475349843975,3.59069782069019,3.51163249005298,4.27837139724655
pabB,3.51619168979036,3.51689764498078,3.32974217168376,2.79537006895682
argD,3.51660774090155,3.91671548146183,3.49905497779734,3.20266689995909
Cp1002_0922,3.51663295226463,2.23211427092306,2.37594578481812,1.05979134312604
opuBB,3.52397588742056,4.02594126747559,3.68655655308722,4.18262079654083
Cp1002_1947,3.53944421931323,4.47298158254093,4.01222896553367,4.06745802452584
Cp1002_0766,3.54652409490848,4.03054796416297,4.6474469136306,3.88343509155532
Cp1002_1152,3.55380282922981,4.07377739729229,3.74512974459542,3.96793402905571
pknD,3.55960193839427,2.1840707789367,2.95914324405532,2.73342376186282
Cp1002_0744,3.56078830998448,3.01825137479732,3.29691840876511,3.36132902838161
Cp1002_0919,3.57802089130231,4.3164426519833,3.32245746683356,4.21634621269102
mntC,3.58160432936237,3.79963650351911,3.75759935581435,3.86015831827957
oppB2,3.58286907481103,3.11187097031939,4.15491529786538,3.78407467017177
Cp1002_1133,3.59007499879192,3.9038095585787,3.80636530612246,3.5341861390901
rimJ,3.59230154672932,4.79823200704064,3.4988890869768,4.00678273109294
tehA,3.59467991480658,3.60046007011648,3.27177226375545,3.27265478991867
Cp1002_1756,3.59728087084445,4.17857124083662,3.75973109230294,4.08753073118428
gapA,3.60987313353188,3.68964581304263,4.06277796123445,4.24784398657594
glmU,3.62057468117622,3.41876205404386,3.78689950508474,3.61492181638486
Cp1002_1579,3.62666107270897,1.81654646201646,3.81198471935167,3.58730497741534
pepC2,3.63824764539018,2.93179650175071,3.55965088022467,3.19894355072105
Cp1002_0547,3.65440116873072,3.78145414138246,3.84616231563044,3.26612387298701
Cp1002_0510,3.6574342178634,2.68778857283835,4.17849156782231,3.18620260655041
tilS,3.66165840255154,4.30677989526885,4.51573767896917,4.05366744903883
oppD1,3.66203455409493,3.81027856758737,4.06245850871881,3.86893364573085
Cp1002_1657,3.66213712386077,3.96882804350931,4.09929520433777,4.22871096524437
ada,3.66856167092136,4.88063165580514,3.84508854950412,3.99149917092633
mntD,3.67427985137945,2.92069155866207,3.02910829407601,3.48264180030858
Cp1002_0508,3.68270812235968,3.75881483160265,3.76602263423865,4.19425256161173
Cp1002_1565,3.68276429572955,3.93253367488182,2.72802933309922,3.89553529531831
rmlB,3.69119913491246,3.66359510504593,3.69241603858614,3.80036153837486
tetR,3.69150066541942,3.84232519818307,2.77764905554975,3.86059537518695
Cp1002_1555,3.69218166906901,3.0114723809178,3.2036960677622,3.47409853125145
Cp1002_1378,3.69701758514553,2.76861415738971,3.07204747393708,2.94354443300876
tatC,3.70117197745021,4.17423062530498,3.59252879648026,3.99851145307509
mptA,3.70918033372087,3.32990287176715,3.32499056912157,2.69725117043436
emrB,3.71569572755245,4.65391987311942,4.29250937802612,3.90655392748617
ribF,3.72717986252498,4.92781114072435,3.4068645181877,3.84551012308357
oatA,3.73416766115076,3.45647762935182,3.34585051721949,3.49684579012695
ruvC,3.74566760205268,5.70556880371177,5.0093785270641,5.89916837830893
Cp1002_0293,3.74856857239182,4.98805748930633,3.55318845107841,4.19666211975212
tpdA,3.76269961261122,3.10101800226646,3.93351598681992,4.25951354387575
oppC3,3.77051193535072,3.73503469797415,3.81679423710821,3.44812258426899
galK,3.77147362287765,3.76587416408973,3.58220672738062,3.51677160688688
helY,3.77485029964155,4.15389448863587,4.02026216192049,4.1627900919574
Cp1002_2042,3.77847143419983,4.22771797528526,3.89855664729355,6.93136394603211
mutT2,3.78374998300717,3.73044432298668,2.93882775944222,3.32832666403609
gloB1,3.79088669837374,4.7004452669575,4.3201019303679,3.84989920779708
Cp1002_1484,3.79895256533147,2.81043076427673,3.04983287026454,3.61714564688108
Cp1002_1646,3.80066180324495,4.89517657392167,4.33681894254764,5.02449699069823
Cp1002_1833,3.80779796749881,3.32498912948504,3.4049875674574,3.82440127854842
priA,3.81086464237374,4.2702000003144,3.92354855295275,3.40198809267637
Cp1002_1876,3.81754140015143,2.54626725269795,4.01394456637409,3.97142399498551
mfd,3.83655031851465,4.4363284380468,4.50115248852829,3.72697286442553
hisF,3.83861903161516,5.03995428626331,4.31597191314188,4.64924180439425
carA,3.84943888072886,3.95254790436138,4.23480019050926,3.82970751536579
Cp1002_1283,3.85120933505978,4.69191377156286,3.79057396642054,3.48875920787043
ilvH,3.85591995207784,4.21451341008002,2.84806703585936,3.26112909135545
nodI,3.85907503850493,3.27653537520469,4.0690318691264,3.46188211787212
recF,3.86695741852428,3.78755783812825,3.87989197169576,4.08359633379763
purT,3.8680545588962,3.03212200724222,3.78884228985587,3.34760471602888
dnaQ1,3.87471828917721,3.47000315793563,3.77648304061933,3.2929525071064
trkA,3.87532792157204,5.10424858562681,4.38713503371484,4.65181518440327
mshC,3.88116536437584,4.26396584563596,4.07082722242318,3.46627472272208
Cp1002_1467,3.88707679582714,2.91264603303278,3.25597198690878,3.63201223076713
Cp1002_0893,3.89063151702234,5.02939545955058,4.63353583392185,4.90670784266208
pgl,3.89099137017336,4.10453795205619,4.12675815352043,4.57957842762046
Cp1002_1867,3.89127335450528,5.1700492281667,4.3874245820066,4.29735284848438
cdd,3.89382814737279,0.89368838218985,2.13877515787513,3.05234980969216
Cp1002_1708,3.89786965194585,4.49132721830451,4.62653258760037,3.57082720196369
trmA,3.90047076703757,4.79230877344294,4.9825464410194,4.61101299003619
uhpT,3.9046093347729,2.79968001588721,3.60492529819924,2.91263453737843
pgpB,3.91483237303882,3.8638690884181,3.89600053074346,3.73699444777849
Cp1002_0271,3.91675369171672,4.02462109578518,4.21864944417847,3.55460112988106
Cp1002_1281,3.92012176748603,5.3360405375676,3.83265713932914,4.22606147170117
Cp1002_0076,3.92118875101688,4.89558861115519,5.05625402913393,6.06381353698898
dapC,3.9220836463798,4.38324117351331,4.65277901972117,4.38993156926034
pbuX,3.92241671032969,4.88246698091856,4.26789530343837,4.29438548771665
terC,3.92679647717501,5.30497093706119,4.91156695831356,4.42021962901187
dapD,3.93244863566479,3.71149490665009,4.33354538442796,4.41431822669829
dgt,3.94077753438237,3.95464301130103,3.38171805388698,3.75862298244024
pgp,3.94169792001651,3.01407315423184,3.77127288391967,4.71642028620024
helZ,3.94485844580754,4.57483417717931,4.26716121802226,4.03689011054027
rnhB,3.95122409135618,4.89063151702234,4.26133523331595,3.7676336131326
tcsS3,3.95653994865677,4.25454869356597,3.70120525313494,2.6447538438472
gntP,3.96120657184079,3.84355177457259,4.05178101039426,3.56795911666663
Cp1002_1580,3.98008015452063,1.76410407184157,3.77397523292423,2.96085084444958
cobQ,3.98078393273496,3.38190905078153,3.72521763475607,4.48508543482908
acnA,3.9811402608924,4.446143721761,4.37989816352469,6.92917554377284
acpS,3.98433414484049,4.71025541868611,4.5944828624364,4.28183175811519
Cp1002_1295,3.98520894731755,3.30885157368724,3.73730819355635,2.98505589517099
mug,3.98753006883067,1.08953204835067,2.50114356940837,2.97862215031277
Cp1002_1971,3.9945887749718,3.76607565558917,4.05282450712709,3.71842738851602
Cp1002_0489,3.99603616510545,3.57538494773774,1.96876907405622,3.79247016590665
Cp1002_0980,4.01769034576607,4.65883984670027,4.18939761608423,3.64365996990591
hemY,4.02071553629817,4.81895278906489,4.66226247700561,5.11986659160062
Cp1002_1510,4.02598554759631,2.83895781597507,3.70472813032699,3.80211047936992
Cp1002_1345,4.02805633856412,3.70916930305678,3.15775356140497,4.5200261602261
Cp1002_1095,4.03388987461041,4.72556667036207,4.11652279234945,4.0528853544782
Cp1002_2025,4.05015338864714,3.2973704581464,4.23767078458738,3.63591687392631
hmuU,4.06294197693407,3.30675073651324,4.08227680204714,3.25597802762436
hisN,4.07346894054541,3.97916564408097,3.94059902429441,5.08355378708985
Cp1002_1900,4.07463387571746,3.61857931696997,4.81412483230582,4.95877309020303
mprA,4.07716607593765,4.97850226133122,3.90851511704592,3.59392738818048
opuBA,4.0783707318988,3.96127140852891,4.73391829159395,4.54170067793418
csd,4.07920741837817,4.74150473867462,4.38832732379875,4.27520823577531
ykuE,4.08086228642775,3.85129930014129,4.00184726986643,3.55202041129291
Cp1002_1463,4.08281327344317,5.37502552578554,3.6789620437952,5.72644433983212
Cp1002_1084,4.091513667927,5.1804661612239,4.56237065808106,3.85437472884526
Cp1002_1567,4.12104027479937,3.45723968095574,2.78448723165623,4.34527571993436
pepO,4.13413877938925,2.94351442730135,4.26949700907746,4.80335621179794
mshD,4.13618318167418,4.80894616122324,2.91969093982463,3.81587254426144
sbcD,4.13619959085345,4.40387439938752,4.54895442229107,4.26568442543882
Cp1002_0765,4.14008331205855,4.93624217408397,4.02609181434133,4.28394399023265
sigC,4.15944350922506,3.30279426500889,3.58178507518013,4.00811035365319
thyA,4.16203275056206,4.11747064292564,4.09605940269333,3.56011574482485
mrpE,4.16381267751103,4.24066541873663,4.07596896759124,4.56501827581844
Cp1002_1477,4.16429553680774,4.13168825057585,5.5322889031927,6.29960916923169
cdsA,4.18464528659438,5.29713637882832,4.03340538072705,4.22282774040662
Cp1002_0178,4.18693627955519,4.20868892468343,2.72942225312562,3.4883607567659
Cp1002_1859,4.19751945525578,5.22011709522013,4.38055630362847,5.12710909334703
pth1,4.19766098459473,4.19570980160581,4.71688666552295,4.14095039497006
murD,4.20104568624506,3.29537920491872,4.26406346176427,4.0738373673353
bioN,4.20493103954213,5.49651028522398,4.66577363409907,5.80822800356916
lepB,4.21968741005132,4.8382761331068,4.99041034442869,3.27394400970682
nudC,4.2285493622835,5.28316986414897,5.32434978890219,4.79520588296428
Cp1002_1775,4.24406503666655,4.23226165828407,4.06917798615146,4.28689592942392
glpT1,4.25483588278576,2.69753809488182,3.37033588686173,2.46762380780301
Cp1002_0528,4.26195197859215,3.6631168673661,4.31825898774229,4.42369917481086
glxK,4.26297429228805,3.98248255346599,3.31465592663163,3.24865930572009
glnE,4.26956433157966,4.46534763729226,4.14371993109492,4.42839702482101
Cp1002_0740,4.27733018046102,5.17602750063144,4.63427379576833,4.25836062660253
dnaQ2,4.27735250012996,3.6049371553982,3.44914930583653,3.28593332880204
mmpL,4.28007291219717,4.15361080228443,4.69764039522528,3.97792097884967
lytR,4.28679245479301,3.63506944184076,3.98621067346132,3.97926626861029
dut,4.28832164526686,5.14129789983091,4.4399754578385,4.52049768158917
hisC,4.29130885982897,4.0846680968248,3.17308584743666,3.57879383267675
thyX,4.2945545855637,5.4043377560546,4.32785978754229,4.49806573106445
ydiB,4.2987242909633,4.93694882100734,4.20196313441553,3.6630940901885
oppF,4.30760338672096,3.38952000601168,3.35860443615861,4.15202112702035
Cp1002_0734,4.30873947034459,4.69880743994047,5.21512330840421,5.1817784071861
bioD,4.31089266006754,5.47477347631213,4.31060187620698,5.15397958366474
Cp1002_1154,4.31147405201999,4.96279423247822,3.68025683443517,3.93288322789802
Cp1002_1465,4.31433399391901,3.71107635424983,3.80013370953767,3.37077108940976
mrp,4.31688428261378,4.40143250563335,3.8026792043745,4.81509889193434
cobU,4.3174198498347,3.87669374261337,3.75287701551661,3.49785502963371
Cp1002_0107,4.3256166748216,4.92710948690565,4.23902372333171,4.63843881023859
menC,4.33579050190723,3.44036756225934,3.90212182917416,5.68548327873247
Cp1002_1685,4.33592624092836,0,0,4.62744341681458
Cp1002_1063,4.34310930278627,3.55075294086895,3.51956706471902,5.80275157147665
Cp1002_0937,4.34396915597756,3.10856125548671,4.37765823874243,4.00376412604278
glnD,4.34491369300787,4.29550998357584,4.16931573490417,4.20267630207436
cobS,4.34557379155796,4.64920730831465,4.2240016741981,4.9083517863716
murB,4.34927326604784,4.53317708281168,4.11584061982089,4.08237048603199
yddQ,4.34964835324329,4.66820424027506,4.3501153066672,4.88176249219043
Cp1002_1244,4.35215115477698,5.47469236980114,4.5431184567126,3.98881191096124
Cp1002_0818,4.35909240252248,4.54504786334303,4.16011344709824,3.91137520873814
coaBC,4.36937574526012,5.21468047793584,4.53664975402003,3.99297684527415
Cp1002_1765,4.37167037096268,6.43185191422862,5.49569836008294,4.56821455887951
rbsA,4.37286854172538,3.97316122406284,4.57510656252665,4.1579572355429
pat,4.37341853103476,3.38312502484596,4.20262929088527,3.89753087184781
pspC1,4.38156025476946,4.12981877561113,4.91129370745061,6.02007543693382
Cp1002_0882,4.39387606516079,3.93676983651966,5.02082219191977,3.99174404368136
Cp1002_1681,4.399410383578,4.41316077559081,3.92893876078869,3.24461919214018
pyrC,4.41246992374704,3.34977147381705,3.69881855011494,3.22102636699145
Cp1002_1659,4.41560319531798,4.56484151267738,4.88154716311114,6.11951388536865
idi,4.42229356030456,4.32888671646583,4.53169336086147,2.81109078301274
Cp1002_1764,4.43666823981803,5.53279694653962,4.14745324049521,4.40407883979157
deoD,4.44163618682601,2.48643636040344,3.12959460542345,5.85464900215162
amiB,4.44301645789085,3.48824505679776,3.80030976225285,3.45670365905711
ciuB,4.44396462880659,3.71941346463266,4.36233662442446,3.30160081515908
dnaB,4.4507493755375,4.93810697319789,4.74672659498921,4.38949797925044
lysS1,4.46037561920666,4.16481040865698,4.27647433272693,4.40640061182426
rbsK,4.46571984879481,4.11693859295668,4.0153726769535,4.59499633654093
Cp1002_0103,4.46619640051572,4.88612576284095,4.02335294829463,4.00729418985364
guaB,4.47017891258311,4.18662732668292,4.73296920895712,4.45627390945202
gltX,4.47043925048847,5.11223722858146,4.66634189946361,4.68207883114293
Cp1002_0094,4.47114192826503,2.85246633842113,3.53017064839464,4.10983692117577
glgA,4.48141519989474,3.015444045387,4.018171241149,3.85446449675837
amtR,4.49125665910725,3.70668525684805,4.77961168241713,4.35432520685774
dnaA,4.50624013142269,5.19074916839183,4.75143694086353,4.5129031888366
dnaG,4.50750924372189,4.47328038610203,4.47005523561893,4.42319492522076
Cp1002_1962,4.5125998400887,3.15573142551525,3.98794838364697,3.76363465439328
htrA2,4.51914557447491,4.69913515412578,4.7007892519015,4.78854999485595
Cp1002_1403,4.52485353069217,4.36652505165242,4.54671546201936,6.33687784142742
Cp1002_1412,4.53055147720985,5.53247905079307,4.05772752026487,3.92078872466165
Cp1002_2018,4.53096964878385,4.27399322790603,4.23405673276961,5.93264705270769
rimP,4.53478376550286,5.83346444676213,4.47959920858496,4.47474752272471
Cp1002_1529,4.53692944425172,5.46945297258172,5.20882156082747,3.62749011050785
fmu,4.53710344636752,4.98512695711545,4.95924620230417,4.78648135987654
rnr,4.54319271239252,4.18292266544537,4.57951808930982,3.87771480689263
tcsS5,4.54642531485412,3.74264223662183,3.72361316660982,4.44328837481714
glgB,4.551337592283,4.42851092541248,4.91106835639763,4.74318640892312
hemD,4.55462568597442,4.91027215382615,4.68403884323665,4.55238936813623
Cp1002_0106,4.55806554462066,5.4604018326294,5.1033171866301,4.81983165242654
Cp1002_0782,4.5608494367271,5.14334035344744,5.16933978977756,4.16466561952065
iunH2,4.56696732900612,4.00575926928868,4.19951530825834,4.36711241980742
pabC,4.57508235257815,4.50844132993697,4.57701786579005,3.80355770227201
Cp1002_0800,4.57656446280378,4.32734245560982,4.87949012998502,5.19738970783046
Cp1002_0432,4.58421090130802,5.07065551491816,4.50365403514555,3.54316177299036
Cp1002_1300,4.58589394052333,4.82643154163159,4.94809618972935,4.9902696443936
lysC,4.59368840873007,3.23906956343596,4.00521132910736,4.43594856486053
fecCD,4.599198754543,4.87346872117613,5.49268641275173,4.89533170763367
Cp1002_1201,4.6001864820979,5.55594189468547,5.07840062191571,5.19077681852437
Cp1002_1927,4.60264690850537,3.66808507704488,4.48104701631798,3.78623041456631
tkt,4.61085358241691,4.04703227488738,4.40849448946944,4.69726229260007
sufD,4.61232890583627,4.85489331082096,4.73787060138803,4.99253732731295
dnaX,4.61429758663537,4.86034706364164,4.60938265911041,4.67127638617623
menA,4.61666351969327,4.85712009610259,4.68042563453219,4.72828516531959
ccdA,4.62083856681592,5.28832164526686,5.32464861509302,4.74457016004575
pepD,4.62889021902782,4.54751152364422,4.61541629726287,5.79914430798471
greA,4.63360557875109,5.37464654763956,5.2883437955363,4.8886312378465
glgE,4.6359052686297,3.81563690603455,4.22936488761124,4.55321303122853
hmuO,4.65805149185651,3.4843443999286,4.01700434720343,5.75739134287964
Cp1002_0131,4.65817148669131,5.48207059249381,5.90036449365066,5.34568732645571
Cp1002_0691,4.65923957221832,4.77097700716701,4.18537499403941,5.37067345923487
fhuG,4.66290046965844,5.55900226618952,4.70987509558595,4.35993575917287
Cp1002_1563,4.66680203038313,4.19807762926221,4.12936545430626,4.26850176568201
birA,4.6681701946422,3.66302575649798,4.08035920264976,4.11737089850131
citE,4.66940100105782,3.88150800891627,4.66075751993572,4.18550979089295
cobJ,4.67234613301055,5.15389448863587,4.70885489367096,5.23889765553432
Cp1002_1888,4.67694435910691,4.91009462708615,0,0
tmk,4.68287101910697,5.14813690508791,4.8360099464035,4.72856271918216
Cp1002_2038,4.68926001711617,4.74526960682558,4.67464142908582,5.98932523746597
lysR,4.69300179585963,4.40233334978717,5.12922118583254,4.02833045128589
purK,4.69730678040546,4.68417914309662,4.26767062308083,4.27048409106051
folP1,4.6996182579108,5.23341260400673,5.39134843076757,3.90244023780798
sigE,4.70056733551941,4.21518156545332,4.91402388991527,6.49828278520663
mnmA,4.70199809657854,4.39459645389312,4.62366205202674,5.4284874760258
hisD,4.70787813281685,4.0525637036939,4.27539449620292,3.57461017736135
fadD32,4.71363533474392,4.12407994363635,4.83006260034391,4.62884940176104
senX3,4.72031130313823,4.98138233109949,4.22969558253257,3.73666981136405
ureF,4.72323634908364,5.20109274906445,4.77182220838098,4.28953940534605
Cp1002_0810,4.73165030366155,6.15105714187524,4.71645869960646,6.05533884052044
pccB1,4.73359296216371,4.38003674428854,4.21241369992289,4.35990765522588
Cp1002_0091,4.73934047847185,6.41131607331304,4.69982366682255,4.74451096052379
tcsR5,4.74384345236806,4.02534778269727,4.14421772027684,5.32946090345829
miaA,4.74434949493427,3.98268333339356,3.82225086928308,3.76666936162338
cysE,4.7497273291802,5.01689295301926,5.01582313100319,4.58966163199547
Cp1002_0492,4.75405370413054,5.57974434496383,4.96010853691949,5.69493589423511
Cp1002_1539,4.7583031771319,4.36895687871768,3.33959065068789,4.44234639504381
obgE,4.76006655386533,5.41269347084133,5.12217572334094,5.34960589543664
hemB,4.76447355099267,4.61657530826058,4.51951045378566,4.71010109676197
otsA,4.76774483146209,4.70851834455008,4.8100985845665,4.14067233080177
dsbD,4.76859722059718,4.47505244789351,4.63378573728902,4.15538495152046
hmuV,4.77100342720142,3.69031651684945,3.561778244484,2.56959802630722
fdxA,4.77218126901038,5.99540989479027,5.21788210883897,5.6996821043536
regX3,4.77827692403393,5.688521685148,5.60282800595791,5.79035501371084
Cp1002_0339,4.78252389204336,5.33364198209098,4.73352788747328,4.39985467357243
dhaK,4.78560286025582,3.42577751122348,3.84808707217736,3.52843379372474
Cp1002_0229,4.79523705895695,4.68081942463599,4.02595012360846,4.31467477632088
ribE,4.80418266035008,5.54103774444471,5.22057373735982,4.99544833798393
dapE,4.80936299199741,4.26871134767054,4.51832111075373,4.02912596744814
Cp1002_0465,4.80983113975286,3.81442737386125,4.20848604581489,4.29733083610458
Cp1002_1056,4.81284730502947,4.11892446606631,4.85773720881745,4.45754176240781
Cp1002_0608,4.81302181320831,4.23183173638706,0,3.93764570690506
pafB,4.82167450431942,4.91246784009608,5.2322501441887,4.77173242925882
spoT,4.82275563703103,5.06970216663007,4.84150019158184,5.46227158654248
Cp1002_1755,4.8344786347794,4.47324791045174,4.47777445367471,4.13652773525092
oppDF2,4.84669889914955,4.98335391833146,4.94809618972935,4.53878645466232
mntB,4.84979414607636,3.75132445816619,4.08191904359059,4.10364869933814
Cp1002_1469,4.85515253192325,5.54229210439814,4.81781765012908,5.81880455585578
clgR,4.86767905520871,6.65724841240687,5.84338092070979,6.30121997589363
nudL,4.87454616888914,4.76625591360663,4.49916981411525,4.48833504646373
pimA,4.87675266981524,5.31487775736821,5.36067329204347,4.8880905404755
xerD,4.87760193627632,5.87757739801727,5.21698636814336,4.73228005495377
ptrB,4.88395310614122,4.66597255243888,4.91339688403371,4.72825250841316
fmt,4.89105944040336,5.23956607122882,4.70936232750294,5.1588338375892
smpB,4.89578731646331,5.78774848961306,5.5978290978269,4.21342505295477
dxr,4.8994221826259,4.79800384163524,4.7878868920299,4.92763101892366
dcuA,4.91748904194462,4.62221585261262,3.81270357656028,3.85369630179906
dapB,4.92046957648402,4.7469146596479,4.44103854459632,4.94667940122826
fecC,4.92361985783482,4.44725518190333,5.33296924183049,4.7368429598757
Cp1002_0677,4.92679647717501,6.0343279812442,5.66956540719594,6.0200687677373
pgi,4.92984779561789,3.8880905404755,4.37846307019977,4.64138995988449
Cp1002_0790,4.94342440643454,4.50285884813105,4.68093191635457,4.91337773452793
clpB,4.95389377809558,4.44785025493639,6.4532014817779,9.59453548701025
pflA,4.95423354074625,4.16435185986674,3.83976815575476,6.0502665982311
dtxR,4.95852719617745,4.83183671548089,5.45988402932124,6.54791864119158
cmk,4.9592369270874,5.5297928418061,5.2765376084171,3.51461464971596
dapF,4.96727007228583,5.34427104895633,4.81102911180836,5.22027577540039
Cp1002_2074,4.96984120443133,5.54740047164414,4.97475873047608,4.84527425780898
Cp1002_1778,4.98181612890232,4.19644967348753,4.00238748706906,4.52931497773542
Cp1002_1605,4.98224523206631,4.19855701479858,4.31539957753427,4.56077608432516
Cp1002_0007,4.99011985185699,5.03236978019383,5.89755507306469,4.94967966215295
Cp1002_0065,4.99095486039699,4.17514132183657,4.86202977909503,4.85476866871
nagB,4.99318975943718,4.08621479468764,5.01999985090128,4.06210443815687
pbp1A,5.00689490862452,5.2039293690189,5.23414872769222,4.44572008303817
Cp1002_0864,5.01122278194332,4.73648040638194,4.75548048824149,4.47597980278942
katA,5.01177291592495,4.81553444262581,5.09278250676351,7.40285005758101
Cp1002_1187,5.01580975320649,4.48863711358094,4.95801671628942,4.57839533649438
Cp1002_1181,5.01799760297348,5.63060932629117,4.85856293057188,4.04719809036789
carB,5.01905246657195,4.94120023334749,4.78502736223547,4.3922830724879
argF,5.01979975110934,4.92714742286476,4.96873590267959,4.95600087704145
Cp1002_1000,5.02970906730359,4.83289001416474,4.87312908457891,3.79984369351837
trmD,5.0363538694723,4.93940995951024,5.02368561230151,4.16050880659672
Cp1002_0342,5.03977447866417,3.76760183489217,4.26818733560149,3.89538018349783
ppiB,5.04709336701854,4.33331638635055,4.76815255866484,3.35238142057553
rluB,5.05005323430171,4.97881340294879,4.865706055769,3.29772994176095
nadD,5.05314175440783,5.13109555164169,4.6155634314701,4.08610437124329
hemC,5.05712963765855,5.43456151187261,5.13680249876561,5.19050424408192
pimT,5.05850266571143,5.37516109929216,4.88224686514317,4.86787176009894
zwf,5.06592983922026,5.66611462017728,5.47276068795217,5.06795272354628
ldh,5.06994700536168,5.74527767538672,4.72297415709239,5.88600622973689
Cp1002_1361,5.07183559150472,5.40190688384385,5.75734600274622,4.68582804657398
dprE1,5.08070455869844,4.34498468584022,4.20543943422495,4.51909523905111
marR,5.0876919569746,4.94469917847317,5.18175455881904,6.73599595766186
adhA,5.09242311571037,4.20558018877525,3.93111569975779,4.46031008356594
Cp1002_0038,5.09879008848706,4.40585624994972,5.30407656164109,5.10679218315693
mtrB,5.10669169768503,6.04048261550082,5.06776776898496,5.78931714296186
Cp1002_1841,5.11749557795424,5.0925161431588,5.75933429500672,4.96875893843872
cynT,5.11959273306864,3.18529569588892,4.43535522944568,3.2139180249739
ppnk,5.11961348174717,6.061214560269,5.30010541614014,4.91174430398357
Cp1002_0872,5.1196715764596,4.79612529166009,5.52838378133024,5.05493527914004
Cp1002_0883,5.12338478057718,4.79921685261393,4.68687025794867,4.74922316977136
ureG,5.1251923350127,5.94456800393567,5.58818092707262,5.94688756461216
Cp1002_1591,5.12869757618808,6.84306679831626,5.89874043564663,6.09794783553483
polA,5.13316482258204,4.65974763479225,5.3424907443763,5.42607350105517
pheS,5.15369996686308,5.75234183962523,4.82482893985456,4.87264656469807
Cp1002_0272,5.1550894114504,4.00429463607486,5.64803682760761,3.812765176229
accBC,5.15533637374903,4.58283295460921,4.81771534149012,5.46702835662025
lnt,5.1600690632478,4.6624960606253,4.35321741435419,4.7288783037926
Cp1002_1472,5.17084642896042,4.56675427951814,4.39108717261039,4.30974372218789
sufR,5.17276351494487,5.59997828253983,5.1812059375428,6.37565635573637
pknG,5.17787395273019,5.3878381216425,4.88001446215186,5.54684508338353
fruK,5.18213608539319,4.05779682396094,4.68343820562256,4.44628931884591
xerC,5.18462545243584,5.64045897434528,4.65100575388907,5.60860819739176
mhqP,5.18528776583415,5.70434911404401,5.72645251436695,5.69796281623566
oppA4,5.19266367506329,6.11272931992604,5.2948927218097,5.55042666393005
nusA,5.19314486265316,6.38468533702274,5.55422659765911,5.90089819682009
mrpF,5.19524522004166,5.21412480535285,4.10264133621312,4.96892017845464
Cp1002_1074,5.19862773032923,4.82723471641418,5.73374208059255,5.02385856727509
dnaN,5.20010410730914,4.81890678728506,4.92642172469745,5.24207273458179
cysA,5.21137048577223,3.62695304177067,4.56834834389526,4.53953727499986
Cp1002_0911,5.21265882363203,5.1539552713115,5.09224550119537,4.32995595625429
odhA,5.21391880239925,4.38641090864237,5.32896568072937,5.16627758966637
rpfB,5.21684672208733,6.07125425621853,5.09710930553321,3.8103814049475
Cp1002_1837,5.22171857693429,4.97515324410369,5.51381285256563,5.352825602587
Cp1002_1387,5.22654706281548,6.23508750708214,5.24634347616922,6.01505370611903
Cp1002_1224,5.22986474597526,5.19630802526242,5.47299457528706,4.57988611375701
ald,5.23204671335011,3.73843279006092,4.23775490251123,6.06982888659974
Cp1002_0428,5.23946678333928,5.13923617607857,4.69246625567242,4.86232740051799
Cp1002_0770,5.24866385928164,6.1474837681457,5.43803663067752,5.81232365380628
murA,5.24997620372416,5.82271995218382,5.62021982550749,5.67750260452396
dsbA,5.25338423580007,5.38405671623762,5.51851310813053,4.90918746035695
Cp1002_1369,5.26202341374964,5.592178936603,6.29688501313577,6.30294593500382
Cp1002_2072,5.26783539209761,4.95405203366883,4.53750108670155,5.61054947829586
mshA,5.269201500939,4.56991027784403,4.79824756245886,5.92412602118373
hemK,5.27098485167084,6.44830796354411,6.18728674213453,6.32163231208521
ruvA,5.2709997970774,6.31961070914681,5.43578858832698,6.57337907121903
tgt,5.28821827284593,5.35746403272618,5.62671363150095,5.44453787041933
pbpA,5.28829211104524,4.46506678259823,4.66471037684349,4.70635372729656
fhuC,5.29658588594145,6.07179055175474,5.39780638381062,4.90011327088489
cat1,5.30033242423788,3.86486956015195,4.40100918763441,4.86721942426166
secD,5.30741395244147,6.07724086223799,5.5329558681488,4.93992706462209
Cp1002_1100,5.30983828960411,5.1593304769872,5.24427058619503,5.36117179115858
nifS,5.31026013026235,5.67868323030751,5.51714968814021,5.18446280204945
Cp1002_0833,5.31063095723059,5.22470017478192,4.99548904142541,5.21901746528841
Cp1002_0039,5.32133646862893,4.55377825912651,5.42693226609948,4.84652841760666
ctpA,5.3223716554185,5.61244391765963,5.27261672252074,4.68839299773165
cobM,5.34144499095086,4.8080142890896,4.68975761866599,5.09956031938068
tetR1,5.36312901542619,5.10951100643051,4.98093012929255,4.49017217924696
Cp1002_0416,5.3770126615002,5.43684144129704,4.80507056483701,4.09839429084149
lpdA,5.39239986014005,5.03102459344585,4.86929401527688,5.10496979688689
ppgk,5.39510736878049,5.36271183724518,5.20637363110248,4.5087328795124
Cp1002_1667,5.40258575823259,6.33286186063164,4.90035000121861,4.38915376741933
troA,5.40456256669637,5.20951575109266,5.11844278983545,5.35685159971793
Cp1002_1972,5.40624412882168,4.57400459836672,4.74018282095034,3.97507068041046
Cp1002_0531,5.41188718365751,7.05078463644021,7.11941843238692,8.90035060507286
rne,5.41298470751484,5.27192984397086,5.41391897713882,5.21364279007353
Cp1002_1275,5.4136888509302,6.51448683396496,5.45459705653455,6.30319259311056
Cp1002_1731,5.41871955867898,5.35295621833303,5.90298281786752,5.63079859425352
mrpG,5.42975654480399,4.79899920778184,5.42572783804503,5.00839724661396
ispD,5.43828286979848,6.25999741922165,5.23922617280342,4.84747082808241
Cp1002_0101,5.44298329378368,5.2725756683188,5.21940088215824,5.51435269414744
ureE,5.44542213755914,5.34475394636101,5.43882843919319,4.51254295509686
hflX,5.44954486771055,6.6915341649192,6.07050096068859,5.18308946064076
Cp1002_1383,5.45337270982029,8.23437677314202,6.77424677126073,7.15921541722134
gpmB,5.45376119039684,5.63929294968107,5.58600206876381,5.92066488449774
Cp1002_2079,5.46068032083531,5.19180739540758,5.18533138059603,4.35172725660125
sbm,5.47081340394227,4.67588366174391,4.6290709673292,5.6488479250977
prsA,5.47840561405288,5.35761534105885,5.35351737846712,5.50701442271417
sufB,5.48076920160299,5.03667036371475,4.94520034275312,5.41416598354341
spoU,5.48956541335485,5.64958384587751,5.69332246694865,6.34913877707708
malF,5.49397710272248,5.91020018615903,5.28024740832995,6.20901659183126
aroB,5.49607880709938,5.99633450877244,5.35946845993231,4.15155849453604
Cp1002_0780,5.49758043310381,5.19801867741948,5.29264925074192,5.28675549776902
Cp1002_0422,5.50114611773397,6.32528746345711,6.08990486842134,5.76866867134069
glgC,5.50995864435311,5.17826447558931,5.47487404205365,5.71442137834267
ftsX,5.51598046641758,5.31838915506352,5.67704869410757,5.33210638698974
rulD,5.51760955342885,4.74721551211897,5.37483431072376,4.48718404116642
mrpF1,5.52902443397432,4.482725687494,4.25261245382356,2.73274242138339
Cp1002_0773,5.53022684257482,6.43772710838665,5.49749421178394,5.06977519305627
manA,5.53031425139362,5.36136131604763,5.00432160595009,5.86896573708114
lysR1,5.53313969679986,4.26670409862277,5.07551979574513,7.82251984579603
ansA,5.54683582510087,4.42425700565406,4.68942217579849,4.98198961150773
Cp1002_1614,5.54713206068073,7.10633784937425,5.7883176824879,5.861536088195
ethR,5.55414983724791,5.40995771907547,5.35527003891492,4.9880893102361
proA,5.5567022325313,5.18297032318325,5.25742555971703,4.79093881377582
Cp1002_1242,5.55810841444217,5.49951745724013,5.50848886921402,6.09926574410324
Cp1002_1108,5.57324726698651,5.16405010352752,5.56703732411424,5.86693764257515
dnaJ,5.57937024978274,5.56583171658179,7.64484409755793,6.6780859938626
secF,5.5837627617578,6.06335624934799,5.95371222826452,5.40821593428579
tatB,5.59254673572562,5.6501470316035,5.55231250990804,6.4651125068558
ufaA,5.59386465990649,5.82792823859388,5.70062004375109,4.47730818870428
nagD,5.61088900785449,7.08989004218992,5.98132524272949,6.38121241286923
hemE,5.62237986712055,6.02191051720941,6.07761900787773,5.51724734302848
dxs,5.62293035092018,6.12913461782296,5.43430796382827,5.59154478624132
hisB,5.6374247681238,5.07659757332689,4.67622790966009,4.25243079804658
glnA2,5.63855465539576,4.91601318782243,5.19723242257841,5.43683144946921
ispB,5.64647374794487,5.72980017714835,5.22222882074803,4.98223153925593
malK,5.65506555119503,4.78241904959161,4.9161947658844,4.83651497325491
malG,5.65830004151144,5.21244093794737,4.80439436161145,5.78867005175459
Cp1002_1241,5.66141613183423,4.99170323444173,5.11550357410781,2.92822817857421
Cp1002_1185,5.66606063608469,6.81123981087378,6.04396343246781,6.05880135361619
Cp1002_1862,5.68880699456639,6.1693718623182,5.63734071550784,5.90020990020274
echA6,5.68956754395047,4.36759472196103,5.83742862251579,5.93907374176844
Cp1002_0712,5.69722058403656,5.57461017736135,5.51787721572356,5.22393991201816
Cp1002_2071,5.70110265064187,5.34961651000545,5.76293077307578,5.8398789877498
yceG,5.71149765988227,6.64867826511424,6.06415425145997,5.99010623358243
oppB6,5.72145469060034,3.0698774238433,2.85386793407889,3.5584023446207
cobH,5.72734326110045,5.30640807698255,6.12579159559779,5.90954511535482
hisG,5.73242388198632,5.38403944256942,5.67647616864816,4.89271158919456
hspR,5.74895492807503,5.40374490547906,8.14327606024628,5.87372462636764
ribH,5.75770335103577,7.02667835447534,5.74817942910805,6.39647634563946
Cp1002_0247,5.75838313510535,6.15760765808672,7.06168980607549,5.752055438985
Cp1002_0433,5.76350984011548,4.75424616183689,5.41222601467767,4.09997683032747
purQ,5.77595128599139,4.75667640312536,5.38218304564505,4.988357487331
Cp1002_1198,5.77757752220378,5.87073459397099,6.06789035779738,4.62518864859891
Cp1002_0942,5.77807975858998,5.29093303229524,5.74794589274462,4.09325592066642
lpqC,5.78969274019328,5.63647091821128,5.32551953829745,5.06998995524114
gldA,5.79575136559455,5.44065658796118,5.93715603846619,5.31197894616216
argB,5.8009438917441,5.3359548159371,4.48380288160849,4.54094478549309
thrA,5.80461635639358,5.98521350219216,5.75285828771264,4.97638196719242
Cp1002_0345,5.81161488183774,5.16133145249429,5.78666169986056,5.17096256718379
Cp1002_1248,5.82093458349474,4.76526952069059,6.56953058568097,4.47129803241514
dctA,5.82868488974708,4.66807940235983,5.3743683351814,5.3110416640835
ftsQ,5.83251790272197,6.04823400556319,5.8542201154559,5.93852339821207
purA,5.83296088165423,5.4841091222966,5.09048932414024,5.28916311651977
Cp1002_1416,5.83562853397167,6.59504558462592,5.90167786955089,5.86969623934042
Cp1002_0152,5.84348393796082,5.13526396963408,3.95192343972232,4.31670330280265
Cp1002_0715,5.84973160570519,7.11963630494891,6.95659105706231,6.4485937512273
Cp1002_0840,5.86175442460472,6.69133874020387,6.2084275177621,5.66342717058788
gatC,5.8630687069235,6.97686766602008,6.20450658831493,5.48103086576434
Cp1002_0334,5.88121187090789,5.69070482359542,6.25642195098441,5.33798932991826
valS,5.8918614547927,6.41345530298514,5.92137205936726,5.76767068686176
ychF,5.89786481279025,6.06124048680467,5.87674530404663,5.23110211144831
metK,5.90336370772038,6.12195616248278,6.37668455590751,5.55648766162986
opuAC,5.9036794325671,5.88134893407151,5.82366784981129,5.58092934482891
wbbL,5.91095326994156,5.63967787095106,5.85399315288821,5.95434755274553
pyrF,5.91177306068673,5.87742525149496,6.23045474045869,5.37286157849139
mca,5.93233051732485,5.45900202502335,4.99520861664308,5.67985444789051
Cp1002_0411,5.95441502499093,5.71402566167044,6.17278351285236,6.57437857341455
manC,5.96177610882454,5.74788414692762,5.58341979586638,5.82601707090331
aroC,5.96762283736601,6.07558183256138,5.86719223719961,5.31290836101106
Cp1002_1603,5.97080994958765,3.89290583531091,6.17118480565059,5.65236602628677
gppA2,5.98551864603636,7.3712887676067,6.22724818378073,5.98277230647178
cobB,5.99054649268915,5.92877772615856,5.26298556376867,4.97642779482254
Cp1002_1782,5.99129507854287,4.85667700564803,5.76406212785406,5.08296225787912
hisI,6.00091491949621,6.05832515519893,5.42092361849026,5.23979135301984
ciuA,6.00204987502335,4.91335379728826,5.50381619948461,5.12263130907254
Cp1002_2002,6.00355276686244,6.22423132910882,6.31193354924247,7.65364764082483
Cp1002_0963,6.00433284324931,6.5063766145637,6.63035304701818,6.16027079702085
entD,6.03141945861654,5.92462250656328,5.9407117700776,5.88437324550072
sigH,6.03438961371344,7.01612855694594,6.67640846588804,7.89416901086999
ripA,6.03543916256154,3.09497074497985,5.62219242044641,7.01413208650321
argJ,6.03740858038058,4.66988282810727,4.77351112677734,4.24905085949217
bca,6.04195477801508,5.11410878275142,5.12043903696525,4.32859953725028
ribA,6.04995525049639,6.51119918513449,5.73603385337048,5.80345696055256
Cp1002_0512,6.05974679089025,5.17948716439429,6.36228401669653,5.97763024975767
cseE,6.06513281891136,6.55789864639682,6.31180098206084,7.7893706193709
ribD,6.06625067713304,6.2265355030215,6.06738272936705,6.20862845415909
oppA7,6.06650471291583,4.02889619672139,4.52412637847583,4.27889915585566
copC,6.06686416170014,4.88934211695629,5.25406865764131,5.02649467132507
Cp1002_1408,6.09375664040704,5.90426249833948,5.61478344912739,3.97719748142778
carD,6.09493064306053,6.91485150324641,6.72411816617991,5.00143296630962
Cp1002_2001,6.10253426253138,7.22738490118862,6.76794606188554,7.82408044935374
Cp1002_0071,6.1144232489807,4.79208487658206,6.02328862440374,6.00356401015179
Cp1002_0522,6.11690533331779,6.69274799690711,6.2731484554766,5.18286309105906
rho,6.12814283743243,7.48455708366977,6.8900331840709,6.65615453375147
Cp1002_2070,6.13232800978123,6.92790830235823,6.37917906209829,4.98772105368509
Cp1002_0962,6.13323470635714,7.00987339479282,6.84918613874346,5.72200691209542
gyrA,6.13360256806517,6.1990401685221,6.25325752542282,6.37713937014137
Cp1002_0857,6.14217855192242,6.33141143163859,6.09156232732347,6.40237769500901
alaS,6.14413000760047,6.88343753545701,6.05373694804122,6.14519036151521
glcT,6.14652285496774,6.41785588960719,5.43446476853423,4.90073158671122
argS,6.16677368175896,6.67856492951689,6.18537499403941,6.13030902649392
Cp1002_1739,6.16724952883628,5.3050621686919,5.54513437882153,6.73917303130949
Cp1002_1238,6.16951617992828,5.4586182340025,4.97557516253739,5.54656730905559
Cp1002_1533,6.19542634590232,5.9390972560469,6.40152978294354,6.60712610246084
proS,6.19745654887045,6.81909334097117,6.29960001178075,6.44575318429346
Cp1002_2027,6.20535536592947,5.07854152365486,0,0
rfe,6.20638926105095,6.04927135598782,5.43782030488068,6.04656745360598
fumC,6.20820704077861,5.18368500039778,5.80517635422525,5.96698872065775
Cp1002_1757,6.21931955982157,6.48372066909316,6.15339394724301,6.74631276642546
ctaB,6.22130290409675,6.80210272247928,6.72583656968747,6.25724262294206
secE,6.22378935562646,8.73523444900418,7.16304580630487,7.42369581373042
Cp1002_1379,6.22881869049588,5.18011204800605,5.89175454529757,4.84402402998003
Cp1002_0825,6.23747767716418,6.01926379163069,6.32851157718015,7.14304641827845
fxsA,6.26647548459702,5.69983754474834,5.87098851948143,6.93441034778404
mgtE2,6.26676218330028,6.04469574224389,6.25313836969129,6.67753643063805
infB,6.28481392326179,7.71748450787392,7.02688856552704,7.32894414544975
Cp1002_1660,6.28512290086178,7.17097658323367,6.84745830006608,6.57141894613995
Cp1002_0397,6.28929224629562,5.99511362169635,6.04475256268508,4.73015082384196
sodC,6.29818173697044,4.13740515482544,5.48018109167035,4.89261931312658
aroQ,6.30598328491337,5.94122606093586,5.65721982482794,5.21356503058917
guaB2,6.31486144744639,5.36144554134049,6.355485007551,5.98790064732624
grpE,6.31702724061405,6.55094990254589,7.72333329343005,8.6283762745306
ahpD,6.31876693535928,6.79697405568231,7.51774811422812,6.70329453765062
ftsK,6.31964141537367,6.30033425480316,6.15030986399944,5.31824090801878
yjiN,6.32126430248459,5.85746849862984,6.43168646898679,5.62987531413269
ligA,6.33563510076943,5.99340037763804,5.78378140753949,6.08987097966851
Cp1002_1149,6.33695101547403,6.28833272044409,5.81147873721353,6.55026811594865
hisS,6.35846307789618,6.00551900966527,6.33295313516018,6.00129333722054
Cp1002_1349,6.36084357343461,6.05785313076273,5.60944471629313,5.79837459209684
hisA,6.36282227850409,6.57589921389658,5.85214369880125,6.08703421229162
Cp1002_0485,6.36536359658189,7.07082936863768,6.3592417828551,6.88807348816329
aroK,6.36614908045267,6.41498114290309,6.3190777617016,5.64790735495721
recA,6.37187942589311,6.1242619548127,6.08600031064726,5.85403555520093
Cp1002_0811,6.39483478905711,7.20286824853268,6.94509263053996,7.0353269830939
tpx,6.41347899797822,6.13467479149191,6.78586437439377,5.33534032848771
aspB,6.42290574261218,5.36383689055549,5.49137853191691,5.61306600217273
Cp1002_0812,6.42760282079139,6.35311329458148,6.7505395133545,5.93218403715131
Cp1002_0602,6.4375373683478,5.15425104378082,5.74711075811008,5.49676911017047
trxA,6.4410335632041,6.19480018386154,6.20244514897684,5.20647522274083
sigD,6.44673263765657,6.74319179574163,6.56966880519551,5.85315732354958
upp,6.44861192078437,5.43348028644335,5.82722201143335,6.02488256798929
gppA1,6.45252460280474,6.40611314630324,6.16728566270866,5.4319404781269
def1,6.45876257764685,6.87579234754481,5.85347674237377,5.17029364307278
gltX1,6.46041985408126,6.19536334818211,6.33499367069019,6.81270357656028
metG,6.46332328108139,6.14841353439182,5.9674245617278,5.97721351219967
Cp1002_1502,6.46459312467988,6.57114889813694,6.89858324968857,6.08826670757677
lysS,6.46622087666197,6.34631870129898,6.53885783042623,6.87890922188918
ubiA,6.4662991975396,6.33916946029268,5.91236484220584,6.03669673510116
mhpD,6.46919408499397,6.57924502690463,6.868822554775,6.6934312000918
ileS,6.47123949533824,6.28089137625023,6.27601084674382,5.72064237692022
csdA,6.48497591451119,6.86381458735964,6.45543243867,6.56437816856506
Cp1002_0388,6.50341393485896,7.17629284917525,6.80220614425883,5.80460086949395
ftsW1,6.50712228278311,6.40601617755773,6.42985695113365,5.7749109020791
glf,6.51456731186925,6.23570408680418,6.19478639736292,5.74118920715759
rplN,6.5152929882221,8.21811758467609,7.65399150465991,8.05563493069679
Cp1002_0344,6.51998685982198,5.30327662994463,5.58757801877673,5.31198984121033
efp,6.52697960105775,6.86607959979267,6.74914538481387,6.78950756211237
ppc,6.52903693168446,6.21905426223656,6.1958889011494,6.25166607921575
deoR,6.530434429873,5.81774091933004,5.86196776690312,5.99873483304822
apt,6.53707392962951,7.37409180839173,6.79881522047013,6.45683735472834
nifU,6.54236175909473,7.55291496865931,7.35032043538701,7.16925359129145
Cp1002_1137,6.54299623591726,5.62018462845199,5.60660508475882,5.52949927086609
lutB,6.54908538330583,6.24220996021785,6.27935242812847,6.64945020066476
sdhB,6.56275834352124,7.59016784026145,6.56088916772099,7.44206434484833
galU,6.57309423777186,6.86845218979584,7.04253490553975,6.203434146066
ackA,6.57830022454466,6.93941466130072,6.20766253291299,6.56492837313411
adk,6.58276673189038,7.89594480732542,7.7706176466562,7.50540666934119
accD,6.58815093759006,6.96958798089728,6.48314021216474,6.41376669184431
purM,6.60256080502188,6.71314590249026,6.34957935867295,6.16605057566958
Cp1002_0555,6.62633837816085,6.6936124037879,6.47624881869812,6.71700460817095
Cp1002_1111,6.62914675826516,6.75636951060932,6.38381141076376,5.539065731006
doxX,6.63245726597058,6.0727618116582,6.55905887855715,7.28307909010476
sufC,6.64796777697336,6.82680268428583,6.41927594649426,5.84720270478326
oppA3,6.65533751609076,6.02689299069368,6.74135911731882,5.78488083516779
Cp1002_0362,6.67619687428258,0,0,0
dcuB,6.68697667803051,4.88889907589614,5.64486860637676,4.67626176567413
Cp1002_1694,6.68766261910607,7.07426993451259,6.47134030771582,7.01000771872891
Cp1002_0700,6.69062661193717,6.87890922188918,6.67317478293915,7.31846146516758
Cp1002_0012,6.69263642280028,6.46264295662187,5.94187394730866,7.28919816717319
sodA,6.69405834671643,5.5969083151639,6.64032158865933,7.03747008138869
Cp1002_1570,6.7094009292933,5.27959015336746,5.96204690729352,5.34256185653551
tyrS,6.70981445510015,7.27387950149414,6.82177398197057,5.74813916691477
Cp1002_1356,6.71175644025011,7.08682621770207,0,6.56360203868491
thrB,6.71221057016548,6.26032493143108,6.60177970078198,5.91115466521527
lutA,6.71457523885163,6.19880253995983,6.33061038487475,5.9371348471378
Cp1002_1085,6.71779978363887,7.77129137420209,7.48380771749291,7.42097918197901
gatR,6.71825201551371,6.15070182702256,6.63499831616606,5.98910948087665
era,6.71947096494033,6.47515461584841,6.03735805973398,5.45620161483026
Cp1002_0556,6.73504824129086,6.52938057629396,6.53444451838654,6.57407879545719
betP,6.73820037323059,7.91878573504608,7.74760894321645,7.18750054189427
secA,6.74333992536928,6.58161637978808,6.72968871344968,7.52200865484772
ispG,6.74592301411688,6.52234456065747,7.13243289499168,6.39800826438508
Cp1002_0343,6.74899785009815,5.53978539415739,5.5325850238252,5.45199902033125
Cp1002_1768,6.7525746655348,6.92833478822073,6.76695287606762,7.19920118381294
asd,6.75270845652838,6.67697255849982,6.96548417288087,7.38343646194849
prfA,6.75812991965215,7.83008415626082,7.82512415583483,7.58968110482885
Cp1002_0204,6.76461951165013,7.04265528013885,6.642542739577,6.93174214394945
Cp1002_1428,6.76463278006858,5.82570168825224,6.23290630100683,5.15902766842739
Cp1002_1953,6.78707979281056,6.98801430263613,7.20235894681574,6.83362383024816
Cp1002_1693,6.81414021730582,7.181828090018,6.76846224842605,6.82819996772763
dapA,6.82176122880887,7.26572755121538,7.08729310243717,7.00857428489574
Cp1002_0724,6.82312517818814,6.4428274122673,6.49171683536339,6.35787041801692
Cp1002_0852,6.82756500665014,5.61425340920315,6.54508185218547,5.37793581755219
rpsD,6.83112986534104,7.18712439152401,6.75028491735255,7.3516106627642
Cp1002_1941,6.83895176695194,6.43584524871142,5.00558862171049,7.2228431931073
Cp1002_1237,6.84126870254334,6.2329887791402,6.30293497144245,5.57494616404741
rpsL,6.84204857171561,7.35139864982567,7.75850972616768,6.59145801758062
Cp1002_1733,6.85877674530819,7.29503420095922,8.32128775687746,8.15032611328716
plsC1,6.87404690389826,6.57237887608616,6.20268413712361,7.36689917687734
Cp1002_0212,6.88020797587788,7.12412131182919,7.46752403958602,6.02044886274288
argR,6.88565977173242,6.64435239152698,6.34888392148257,5.81586742210051
Cp1002_2069,6.89199022162109,6.17069823903156,7.46209322948681,7.21564947841094
gyrB,6.8974824681961,7.42981678944033,7.12710702924469,7.16910323276824
cobO,6.90019057485693,6.44535757459433,5.90459970155336,6.37296254209488
mapB,6.9063374564844,6.45083513773835,6.52799143646655,6.25310810635106
moeA,6.92320861790319,6.71079266088859,6.58794249346238,6.27567197963872
atpB,6.92944779617,7.9299507361113,7.59275601044103,7.28337547402586
rsmD,6.94801673677608,6.64978644565341,7.17832623227906,6.15915889327341
tatD,6.95418467570253,6.49659336989681,6.33523491044562,5.7361096418016
cobG,6.95801903706124,5.7078422504764,5.97374901831106,5.75892140344796
sdhC,6.97322093284351,6.89909101954362,6.47872917896389,6.74492799634089
trpS,6.97654693984849,6.50801816134477,6.91075664267171,6.99222459899486
cmtC,6.98095068699535,6.41380391862298,6.94477647216958,6.39190860126473
ybaB,6.98554596920235,7.41615571801612,7.08594509177268,6.0110304091829
murG,6.9957106289071,6.72549577933848,6.60356848767532,6.03803664590746
menE,6.99663730970563,4.44863009011261,4.75272183494535,4.63804486710992
dcd,7.01436645239431,6.41342652997034,6.45752042177297,5.62358304618009
merR2,7.01830034316913,6.36581674526236,6.64751455015785,5.37433007677238
Cp1002_1655,7.03436980356403,7.15063075354975,6.7462724521036,7.40572012738125
Cp1002_0719,7.0524593691181,6.40974223203866,6.57233036414706,7.57474488412332
rpsM,7.05751525698339,7.58697485841759,7.21716284590592,8.22742822442442
Cp1002_1262,7.07311327660985,7.46199504188084,7.16693633069317,7.33832635382958
odhI,7.11041544739509,6.22929181688081,6.74711881638081,5.19821124452142
Cp1002_1806,7.14095243936106,6.12407580675183,6.41621991182508,6.28540221886225
nusG,7.14243386093191,6.83779190230585,6.86191815523036,4.91669159953861
argH,7.14347505372169,6.26279393662065,5.92681070636341,5.51297901605842
Cp1002_1078,7.1546054856945,8.19321485813144,7.18339718687721,6.55972123119723
Cp1002_1827,7.15756926002408,6.48629926501102,7.19831734194196,6.25303811994522
Cp1002_0087,7.16026474541807,5.94542510755805,6.1678737146247,6.45766815815768
Cp1002_0558,7.16258266828983,6.28891589299051,6.69967655260117,6.45686034782118
hemA,7.18751043926395,7.40865242674678,6.86139712963725,5.62137205476931
Cp1002_0019,7.19697089788995,5.97891405204823,6.52135388464722,7.47202467001889
pspA1,7.2214227848321,7.31848858052224,7.1717472563531,7.55088527745966
Cp1002_0245,7.23085625994353,7.28466218548316,7.59141014298214,7.8123121005335
hisH,7.23229620001884,6.65608157900957,6.58571971686577,5.90501868715574
Cp1002_0032,7.23256482972878,7.55179284086263,7.43177337188341,8.32385641023094
thrS,7.24089625162245,7.63884133216419,6.93042984519726,7.35338504904655
ppa,7.24666460267874,7.46314014836122,7.54973847016886,6.99394603015189
uspA3,7.24737690633179,7.28434755631256,8.04825253622026,6.73358482798793
rpoB,7.27918339651437,7.14643120905553,7.28142006871013,6.88501299018059
Cp1002_1302,7.31153944395529,7.17388696759473,7.35040000333232,4.24345582903092
Cp1002_1199,7.31307348733037,6.36811004786861,6.87401000554047,6.24866385928164
rpmE,7.31958180857156,7.81535767614027,8.14110576043013,8.31443369922862
Cp1002_1640,7.33938684124899,6.69778771721329,7.30113947826079,7.63033265921209
moaB,7.36696909606513,6.70448468605063,7.603477988254,7.2245130406647
dkgA,7.38296979967724,5.22841083105081,6.59275750515124,6.00852722620655
ndk,7.38761241261752,7.09181617581994,6.86200497453812,6.50295588442415
sdhA,7.3926952220084,7.52782102239503,6.46070325276249,7.17583394497206
Cp1002_1495,7.40191200218255,9.00204424748651,8.18232482425726,5.93810462017269
Cp1002_1689,7.41040894985104,8.23092829109079,8.06674579025419,6.31345266195703
infC,7.42502283155355,8.38923982807666,8.17210242807989,8.29859416992302
echA,7.4339442447531,6.58564311187451,6.77449717394137,5.98110600239366
Cp1002_0572,7.44205604841953,6.46706097257585,5.26532436864904,7.55285350480131
Cp1002_1474,7.45832458133562,8.8359588025773,8.33659581892313,8.92729204455836
pgk,7.46683101436196,7.12554778856731,7.12098430806078,7.71188030804098
Cp1002_1483,7.52127849633999,7.43434466432965,8.4205329299092,7.83755855600407
leuS,7.528094613185,7.17687125953769,6.99626444875733,6.90622920880205
Cp1002_1512,7.52838378133024,6.67525138605026,6.76234881564413,6.78335187967405
merR3,7.53892609959194,7.34176342132152,7.00016905591968,6.40948767832618
Cp1002_0731,7.545898888326,6.551476027659,7.14854776185165,5.49323741920022
msrB,7.56389790167568,7.56382165413106,7.45350934838964,8.4165146598837
rbfA,7.57216965669639,7.65284497300198,7.44164946495288,7.63737839487229
Cp1002_0850,7.58823490657034,7.21281249106699,7.25852834667009,6.76530930764998
rrmA,7.59549620114858,6.77261149603176,7.05485932754929,7.56907330369125
Cp1002_2026,7.61507047279872,6.11204117934548,0,0
Cp1002_0538,7.61980913975381,7.26762006517783,7.44116805475728,6.60833762900286
Cp1002_0956,7.62211772787659,8.80667205657073,7.5882648943075,7.55039280077599
glyA,7.64690426757895,6.48608844738145,6.57161614027472,6.43326327631121
Cp1002_1799,7.66715413022992,7.5803037982486,8.10305695873701,7.92326210949738
ilvE,7.67948713702507,7.11223097210249,7.37536096007254,8.11670264081905
rpsE,7.69309661038579,8.67615102534414,7.87674407641488,7.95040425665369
mraZ,7.76390947330071,9.1007122674778,8.23299165619928,9.45995613965412
mqo,7.78443200342421,6.69311055317292,7.77983095863409,7.14476019647603
ubiE,7.79458482074064,8.04035000331973,7.39705849521376,7.46500309282439
clpS,7.7977587829153,7.83869970177424,8.18890034519559,6.97103765983029
nusB,7.81921471568991,7.65368346379862,7.64505312999716,7.32399147590957
Cp1002_1499,7.8234181952626,6.99521314005596,7.13403607234479,5.61550752223899
Cp1002_1701,7.82657390900598,6.19295950611058,7.28280117486877,6.44348564831079
cysS,7.845772289756,7.39310725381953,7.27641291543236,7.49669402376377
dnaK,7.84991171463517,6.99460235099943,9.08487215192189,10.3641565470277
Cp1002_0968,7.8693717544362,10.8809380115267,9.37451788104629,10.2284459461288
rplB,7.88321756772317,7.65812577555012,7.60131024081301,8.27317083993358
pup,7.90708895253991,7.98938882272568,8.24792751344359,6.89522990301676
ahpC,7.93890325178686,7.55067753435924,7.99519052284975,7.78752388385097
rpoC,7.94996090870729,7.91981081242965,7.73656428879884,8.02197934283642
rplT,7.96051750201645,8.6682184257183,8.11953774762732,8.2266771041157
Cp1002_1587,8.00949274237647,6.00549879908751,7.33234990037387,8.31701909781729
rpoA,8.01227255096324,8.26093834618952,8.38001076140927,8.44889269393834
Cp1002_0628,8.01578299724093,8.34679736882331,7.68582103991776,7.3648525400612
mscL,8.02154080080003,7.92243574023315,8.29691161960637,8.14167801516415
rplC,8.02776227266374,8.57768562000463,8.08309101060491,9.16746832565612
rplW,8.04414271877413,8.95693076578734,8.64685387894268,9.75561868308108
qcrA,8.05066493825338,7.97267542426315,7.85603328636548,7.4486201795983
Cp1002_1188,8.05722821869708,7.32423456227053,7.49920809085669,7.81821786297042
Cp1002_1080,8.05920924408119,7.413856372908,8.23756371831768,8.34879010912952
bcp,8.06869767824568,7.38945495726252,7.02591469875079,7.37186374782409
ftsZ,8.11601119319565,7.60367826623844,7.5719952840248,6.54930259830581
gatB,8.11703005301019,7.79363582035063,7.63242818289513,7.15808451727905
Cp1002_1314,8.11795472102618,8.29578270709979,7.27981484199589,4.89862919812462
pflB,8.12192716138066,7.3089214518831,7.55959887947475,7.69565285819705
serS,8.165183374847,7.50015671054041,7.57266991346935,7.62068903754635
Cp1002_1427,8.16726257728348,8.26464432884349,8.42001493603652,8.8443166000523
mraW,8.17145705116589,8.44929724150358,7.63590671929688,7.38510311469162
ppiA,8.18608947203221,7.65887554098181,8.25180902158057,6.35001096276539
fusA,8.21454255121529,8.59845825924966,8.62805177556695,7.95718331786669
rplR,8.22419948838399,8.48290473805334,8.72702189297538,8.68596466956938
dps,8.29676940691062,7.55770875704856,8.65324636273564,11.0852201480648
Cp1002_0446,8.30421440460507,8.27274640880254,8.4385132649681,8.52472191823284
Cp1002_0873,8.31583790554134,8.38263699456195,8.63797243938772,8.16831108584501
sdaA,8.32217603679062,7.38237328924468,6.86664838834165,8.35829515300608
clpP1,8.32777717058405,7.99984219659987,7.71163256182322,7.76300649000228
rpe,8.33260500817659,7.2541499347976,7.46718164520055,8.13971505318654
infA,8.33722493901167,9.85208781638167,9.72399875656374,10.0936948521173
Cp1002_1006,8.34243029628488,6.8087454219637,7.24813630945805,7.08043382361239
Cp1002_1015,8.3543772239697,8.03480996497604,8.07158571039105,7.98167572967962
ctaC,8.36374492146461,8.95854981553857,8.75609925771208,7.82528319113009
Cp1002_0105,8.36916545455153,7.30125839363506,7.35998669618143,7.5407867415276
Cp1002_2040,8.36916981774069,7.59225519534563,7.88477495039643,8.24019028276066
fagD,8.39657909498808,7.53690769251158,8.78025431690672,9.1849695364167
Cp1002_1014,8.42112649905257,7.45568065784394,7.6390150479401,7.35514844411033
rnc,8.42833923358222,7.89000277434783,7.90744953165,7.92923473344717
rplD,8.43426125274893,8.45387557469815,8.52036331370175,9.33318442759206
glnB,8.44754200468725,8.19365348485808,7.99200360876607,7.83348468691099
malE,8.45871419132978,7.7378624912947,7.74803179557241,8.1333477464738
rpsQ,8.51263776217054,9.46443751862079,8.74078929991507,9.71957534952318
sepF,8.55231174130508,8.71439321459786,8.5143550614288,7.61690166362425
Cp1002_1710,8.58052239354612,7.97650111600295,7.83289001416474,8.45054731942956
rpsS,8.63262811719975,8.29908435351235,7.98606387301499,8.82483148507807
gap,8.64169413470792,8.07092594498551,8.31113978027586,8.54663984417837
rpsI,8.64610504039074,8.98570249819997,8.91354767750997,8.92813340782985
rpsJ,8.64895431185795,9.00649439481674,9.09147505658591,9.29393829382839
clpC,8.6519450241558,7.74538525189024,8.45906680018916,8.12412131182919
gpmA,8.70421145392055,8.13432876814786,8.6836332999312,8.89235459376045
pspA,8.70487887919746,8.58023218224143,8.56294070280611,8.86506511587826
Cp1002_0569,8.73099990553496,7.08453204405743,7.64932085479912,7.50585124237067
Cp1002_1641,8.76241858319964,8.58712117047565,8.71384013210971,9.40362136427235
tpiA,8.76258136104297,8.32850439652949,8.35313800164822,8.5491069522151
tcsS4,8.77667976648305,9.57838778815602,9.06583346624855,8.48015200308932
ag84,8.84424440479747,8.69701967089581,8.63058020593913,7.91187130843124
rplK,8.87289646121191,8.1066676220014,7.97870473978861,8.21319172671244
Cp1002_0664,8.88230373160249,8.58382367480393,8.52396961661925,9.2421165719677
ctaF,8.88856974982199,8.37765303362963,8.52083079711231,8.18763909889141
tatA,8.89233941342518,8.15394716710271,7.95145374811951,8.59916899321943
rpmB,8.89361703849138,9.28830087908039,9.01287590622707,9.509430616261
ptsI,8.90133756887829,8.19132576144582,8.12032083316232,7.33443419661663
Cp1002_0849,8.97706808367593,8.02023548840199,8.99431949069382,7.67396622232862
rplQ,9.02399824654168,9.65184818345895,9.6124483410082,9.50177947594647
Cp1002_0460,9.13825387838338,9.67156760285731,8.02209034499396,8.84321444435983
tsf,9.1462606303286,9.21995742986286,9.0430573679168,8.71194567842094
yngHB,9.14752548822338,9.87858128545467,8.89389608389068,8.66163203976973
whiB,9.23713824256611,8.7727599341738,8.68061621423657,8.30609359702269
atpC,9.29755828116819,8.02793916159192,8.67328080446944,9.41147073604706
rplV,9.29763852036577,8.7388049843684,9.1253359735922,9.48205969862178
Cp1002_1553,9.30236932137764,9.106787996402,8.36025013476242,8.10247442377722
rpsH,9.30344742885872,9.54125733617986,10.1455628297438,9.61956340577091
rpmI,9.30376705164018,9.16045636718144,8.45842301905701,8.98918727052444
rplX,9.36071981421274,10.1562095120314,10.3023761763004,9.96773060949342
atpF,9.36474094114095,9.8499132779823,9.38067101443131,9.20974333768487
rpsN,9.39799757226653,9.38371293134065,9.56202676717802,9.94041638091744
Cp1002_1721,9.41986750540904,9.57622545098088,10.3190398155625,9.47399994012974
rpmC,9.44136312824651,9.22056454789443,9.16696644885398,9.94115620798332
groEL1,9.51503746557794,9.36436450464767,9.75514963473828,9.86110862382179
rplF,9.531083142728,10.3894162363764,10.0693557777186,9.64874224940053
rplI,9.58761439538675,9.88103899366162,10.2031522041072,10.026260607402
Cp1002_1193,9.66257403210323,8.9495728674607,9.49714128934059,8.97510852268972
rpsC,9.6645877249188,7.96717437276664,8.13104923678114,8.74811232482833
Cp1002_1370,9.69736377840133,8.56102439771153,9.17489822610542,8.24080087061003
rplJ,9.72441153069423,9.52740858394139,9.95491166320731,9.50251161154016
Cp1002_0268,9.7513197711968,11.0574367333156,11.4709994278295,11.490695470364
gmk,9.75202933890375,10.3262946495091,10.1527538321192,9.45772971051987
atpE,9.7525378708363,9.86702076153659,9.63005047695011,8.88183895075052
Cp1002_1628,9.75459693015221,9.62038296731049,8.54877567983962,9.12467449740567
tuf,9.80347891768069,9.33372784125089,9.5048050868566,9.84196997497536
rpsA,9.81780230429575,11.174538748729,10.4299611153153,10.6194038396534
ssb1,9.8931331307597,9.87828239994889,9.90921506775954,9.71448251238452
pyk,10.0508961644492,8.95584748365193,9.55592541115163,8.85087129110672
eno,10.1800707622967,9.3356940479991,9.51568801286639,9.92663401732608
Cp1002_1470,10.2182483879801,10.5696467820938,9.77640177645533,10.8846055520159
Cp1002_1772,10.2296840479391,9.47754174476987,10.0179636520415,9.9261136076207
Cp1002_1807,10.2772757748213,10.8656018296247,9.51563282630234,10.4009754704776
rpmD,10.2854137788724,11.3891957226311,11.1738145292887,12.0335434505322
atpD,10.3310064837195,9.98367769469807,9.48457520867509,9.7223789273261
pfl,10.4443523373712,8.99867504280895,8.98214652681672,9.86992999597161
rplL,10.481809520407,10.2896961633952,10.5579518568721,9.93535366338737
rpsB,10.6435225279654,10.5515352431801,10.5651020783603,10.2944943926781
Cp1002_1368,10.6901551572311,10.4566932289598,9.44250813424836,10.0890929079765
Cp1002_1515,10.8359635381929,11.5379318047786,10.6867718824041,10.8880506499294
Cp1002_1126,11.092532528054,10.9785460196761,10.3188816959058,9.30571977805315
rpsO,11.1166363697864,11.2241343574398,11.6500285222599,11.3228126015075
Cp1002_0784,11.2197312070208,10.5820102226705,11.2377955258886,11.2649937686436
rplU,11.472122177414,13.7909593336988,11.8215428134169,11.6389200497168
groES,11.6308768420215,11.2230544439007,11.1959872980285,10.4412012606182
ptsH,11.645397246744,11.9509458604312,11.926759273113,11.0430956561469
Cp1002_1146,11.7607407354288,12.0216844518759,11.8230248380115,9.98126758118269
Cp1002_2011,12.7521924566653,11.5549101608674,12.0661295638212,11.2256713870564
rpmG,12.7525709024837,13.1058135913014,12.9889633300407,12.6373018576325
cspA,13.282748191201,14.3471645720036,13.7545743833254,13.9404237223352
Cp1002_0202,13.3343012225859,12.5062480668426,12.8395974830212,12.593769255428
