Genes,Normal,2M,50C,PH
abgB,6.58051,3.44957,4.56718,5.15367
abgT,2.16174,2.00063,3.27274,0.570779
accBC,47.2116,24.1976,20.1705,55.7931
aceE,47.9379,25.0836,20.2338,39.9117
aceF,56.2618,33.8179,28.0538,57.4817
ackA,165.029,61.7111,54.0148,153.787
acnA,14.1138,10.2786,6.85447,30.9998
acp,5.29649,78.7972,36.0034,4.78692
acsA,8.08896,9.9125,3.96496,5.4621
actP,1.11066,0,0.680654,0
acyP,36.4192,0,62.6082,60.1441
add,15.3947,11.799,3.91788,3.48335
adk,104.894,71.8135,57.6139,56.1936
aftA,4.31577,4.79839,2.56702,5.61165
ahcY,83.602,13.3025,18.5641,33.701
ahpD,77.5611,35.3884,110.894,479.379
alaS,102.984,72.8922,42.1019,91.8847
ald,19.5483,6.18099,2.08011,22.1959
alr,24.9095,39.9562,22.5533,37.0787
amiB,9.74202,18.3173,2.78949,5.71279
amtR,11.9919,0,12.1442,12.4981
aniA,41.0582,13.121,4.93306,9.09747
ansA,73.4584,29.1518,8.73204,7.42413
ansP,47.6166,11.7084,12.2155,17.6284
araJ,9.02998,13.3105,6.7446,2.65777
arc,12.0825,9.58081,4.0302,6.81836
arcB,4.10455,0,1.16512,8.51124
argB,65.9336,45.5207,86.0759,30.9598
argC,14.1875,9.88879,8.10596,13.6904
argD,36.7639,36.0017,19.9304,16.4813
argF,22.0461,35.4947,7.71644,17.2033
argG,217.98,56.2001,139.06,93.605
argJ,77.0708,29.0654,13.7677,38.7257
argR,91.3314,59.1163,119.177,159.171
aroA,14.9089,6.53406,5.51723,14.8942
aroB,33.6898,16.3099,21.0293,16.9126
aroE1,28.4377,34.8169,11.6395,21.933
aroK,30.2704,29.2548,17.8845,17.7562
aroP1,13.5831,4.85713,3.04676,3.93763
aroQ,43.0486,80.0098,7.44481,30.3578
aspB,111.161,38.0992,61.4337,98.4491
aspC,39.5237,27.9526,10.4524,13.5279
aspS,132.271,56.537,42.5347,106.619
atpA,125.92,114.3,156.527,28.2745
atpC,242.761,107.272,242.229,23.8209
atpD,251.88,209.467,148.647,24.2989
atpE,614.239,761.851,437.027,39.0515
atpF,379.732,401.803,384.633,42.5772
atpH,189.288,172.466,145.428,9.28606
atrC,26.0917,15.318,9.12528,6.39753
azlC,35.1494,7.4412,0.536603,8.12017
azlD,17.2561,0,25.3468,13.8731
azoR,5.73491,10.4247,0.745828,6.17324
bca,11.2347,19.623,3.4614,2.57599
bcp,590.185,230.28,158.471,345.511
betA,2.76275,10.41,5.05884,21.8035
betP,140.196,157.952,63.7412,172.684
betT,9.67896,8.8228,6.75787,55.9217
bioA,3.18194,0,0.842537,2.46306
bioB,0,0,1.76004,0
bioD,16.6812,90.702,12.6232,23.6326
bioD1,15.4218,2.26866,7.58973,8.93266
bioF,5.04663,1.1103,1.06572,0.882773
bioY,7.3028,39.1274,17.2017,17.1387
birA,8.08274,0,14.7945,17.6709
bla,68.1661,8.62513,43.745,46.8335
brnQ,15.5154,3.78772,3.85324,6.65766
carA,13.9591,4.73855,4.75262,8.04663
carB,35.4207,14.9785,18.1723,27.0861
carD,110.696,111.439,148.336,84.9112
cat1,40.1608,18.7164,13.5277,26.6629
cbiQ,6.39317,10.5245,1.38085,0.511644
cbs,5.14083,3.49246,2.19873,12.6156
cca,21.9643,7.71019,6.11185,11.6281
ccdA,36.705,53.396,19.3897,35.9531
ccsA,75.7052,58.4455,27.8597,67.7844
cfp30B,58.6653,35.7975,56.6484,50.1821
cfp6,45.1393,9.0045,24.1591,2.07413
chrA,16.6594,7.57109,9.09283,12.1289
chrS,0.791,0,0.309417,0.580322
cinA,124.704,32.9791,121.417,23.2389
citE,21.9771,13.1797,12.0852,7.99741
ciuA,65.9208,27.211,24.5377,73.4289
ciuB,11.6799,14.7861,9.75426,31.4992
ciuC,15.799,25.7737,8.53897,13.4781
ciuE,3.19118,1.85184,1.61809,1.44417
clpP1,492.594,108.02,106.317,277.597
clpP2,423.421,379.176,268.676,720.517
clpS,437.62,599.782,408.486,226.229
clpX,9.72606,18.3594,11.6522,7.14301
cmtB,390.651,203.609,418.998,236.888
cmtR,27.441,0,2.77379,20.7885
coaA,4.1385,11.0902,7.30131,4.69487
coaBC,26.8074,6.64796,11.2692,13.949
coaD,56.1753,85.4623,32.2889,18.0438
cobB,235.574,68.2728,70.8287,96.3824
cobF,78.4159,65.187,75.3584,156.603
cobH,68.319,4.354,22.3685,11.7394
cobJ,33.9283,18.2399,12.961,8.6344
cobK,21.896,8.28019,8.07391,8.61875
cobL,28.8166,18.204,19.484,9.30347
cobM,62.6139,30.2654,29.7831,8.40474
cobN,3.02815,2.96134,0.93014,1.73959
cobO,304.873,121.681,170.727,138.393
cobQ,16.1756,4.75752,11.6383,11.1447
cobS,18.5223,7.24432,4.34554,11.0544
cobT,43.6358,23.8079,20.9413,12.5362
cobU,11.3263,28.8104,11.0402,2.13295
comE,0,0,0.0307345,0.0413296
corA,37.0771,58.2846,23.6183,22.0264
Cp258_0007,36.7292,87.3731,41.1909,39.9343
Cp258_0017,17.0265,15.1025,30.1875,9.90112
Cp258_0020,166.008,54.7967,65.9591,144.555
Cp258_0036,333.179,0,189.305,132.201
Cp258_0043,88.3395,38.4877,41.4983,76.0561
Cp258_0044,3.16092,5.00096,3.25936,4.2511
Cp258_0045,0.582925,0,0.472063,1.52463
Cp258_0048,296.544,3950.09,1151.29,148.89
Cp258_0050,5069.93,471.889,3117.12,1326.76
Cp258_0051,875.458,308.736,386.427,329.741
Cp258_0069,740.983,1489.43,836.316,205.443
Cp258_0070,1.01619,5.10324,0.348184,0.480831
Cp258_0075,63.0853,20.3812,7.59864,31.3826
Cp258_0086,14.1228,17.7996,9.74074,6.31201
Cp258_0088,26.9514,13.6114,4.84739,8.56927
Cp258_0094,14.0421,0,10.8696,2.26696
Cp258_0101,258.206,92.7866,153.371,127.596
Cp258_0105,7.77142,6.68234,5.71259,8.35203
Cp258_0108,15.3041,4.64069,5.29621,46.3821
Cp258_0110,58.9276,41.9724,77.3682,77.6181
Cp258_0111,76.0426,58.3947,46.7884,70.2468
Cp258_0115,63.924,101.484,39.7473,58.3381
Cp258_0117,115.356,0,154.268,42.496
Cp258_0118,351.621,114.446,146.722,213.59
Cp258_0119,159.461,70.8652,26.8502,86.8005
Cp258_0120,49.1566,22.8164,23.6641,44.8742
Cp258_0121,26.6281,32.5798,22.9712,0
Cp258_0155,7.25457,7.69148,4.84507,17.4401
Cp258_0165,155.689,0,0,0
Cp258_0177,3.92855,2.91256,3.12738,2.51269
Cp258_0180,7.82443,0,6.76337,1.20877
Cp258_0186,18.4354,8.62934,3.59952,5.47548
Cp258_0188,4.24743,10.2557,6.15917,0
Cp258_0189,3.19337,0,0.956336,0
Cp258_0202,35.0412,21.7452,20.8845,37.8505
Cp258_0203,6.55849,7.04494,6.944,8.57792
Cp258_0218,181.422,309.687,230.698,218.298
Cp258_0219,5.2877,5.83795,7.11556,4.19101
Cp258_0223,0,20.6865,2.47436,0.663652
Cp258_0228,1.07064,0,0.29086,0.876703
Cp258_0234,41.9471,234.754,91.8794,27.8608
Cp258_0240,4.33179,6.50425,3.36797,4.68943
Cp258_0241,4.16271,2.07271,2.07263,8.52116
Cp258_0243,9574.56,2887.45,2068.33,2849.48
Cp258_0249,180.221,165.207,133.746,225.012
Cp258_0251,40.1979,0,72.3134,9.06332
Cp258_0253,3.46132,12.0442,10.7824,11.5274
Cp258_0257,8.11328,13.8306,8.19651,1.40296
Cp258_0258,169.117,325.189,262.132,68.5622
Cp258_0265,0.570756,0,0.988009,0.9479
Cp258_0267,44.6486,62.7605,19.8358,12.3209
Cp258_0273,8.33781,6.83005,7.23589,3.74411
Cp258_0274,31.7398,98.6967,24.3007,0
Cp258_0279,30.1993,53.6309,14.8436,15.29
Cp258_0289,10.733,16.3255,13.7665,4.00615
Cp258_0290,2.69715,0,1.57718,1.81349
Cp258_0291,14.701,14.3541,3.87373,12.5609
Cp258_0292,6.23189,16.483,1.75914,5.00845
Cp258_0302,71.6142,23.613,27.5022,93.7899
Cp258_0303,2.97293,0,4.95756,4.92195
Cp258_0306,0.307574,1.91713,4.40399,3.25122
Cp258_0318,58.927,53.417,48.757,28.8687
Cp258_0319,6.56113,7.64082,6.42463,4.35876
Cp258_0323,7.80655,15.7208,6.05419,1.73173
Cp258_0329,4.13868,0,2.4459,1.6386
Cp258_0331,6.59471,0,0,9.39039
Cp258_0335,95.8118,196.216,47.5141,40.7006
Cp258_0342,5.37607,27.149,0.828579,1.41089
Cp258_0343,23.5923,18.3686,11.6416,6.89182
Cp258_0345,32.7499,0,77.2174,29.458
Cp258_0346,192.62,39.3448,62.3076,38.4813
Cp258_0347,89.026,37.5218,63.0253,76.2272
Cp258_0390,4.88066,4.93125,2.01702,1.12061
Cp258_0392,687.995,1144.63,683.521,667.478
Cp258_0397,143.285,186.698,156.192,73.893
Cp258_0405,0.520568,0,0,0
Cp258_0406,65.5133,97.1478,33.5737,55.6883
Cp258_0416,9.7336,0,0,0
Cp258_0418,0,43.2073,0,0
Cp258_0424,80.7733,10.8068,53.2186,21.9321
Cp258_0425,26.9204,19.0189,23.7998,15.849
Cp258_0431,111.672,55.2399,39.4339,52.4568
Cp258_0437,88.415,52.2738,77.0274,52.5012
Cp258_0442,15.4748,0,12.5564,16.0536
Cp258_0449,2.30104,1.30234,1.3615,3.56561
Cp258_0450,32.7151,15.6422,14.6776,36.2628
Cp258_0457,5.06531,3.78222,8.96774,1.07125
Cp258_0470,287.298,1141.28,941.32,414.396
Cp258_0479,48.3087,79.2213,24.4208,17.3174
Cp258_0491,12.7494,18.1619,1.5315,0.983036
Cp258_0495,246.309,41.0073,382.124,38.9588
Cp258_0504,0,0,61.8719,0
Cp258_0507,0,0,577.424,0
Cp258_0515,699.023,120.633,259.942,372.187
Cp258_0517,6.61651,15.8973,2.03328,8.96052
Cp258_0519,140.67,79.6331,40.8293,109.66
Cp258_0520,139.156,290.537,237.684,70.7766
Cp258_0526,2.96939,0,9.38447,2.36024
Cp258_0527,2360.67,1044.82,717.483,2702.23
Cp258_0531,165.037,18.1635,60.1395,78.1986
Cp258_0532,0.449777,0,0.891815,1.57624
Cp258_0536,33.4332,8.76058,9.05924,15.629
Cp258_0542,5.44816,2.70062,3.42356,4.7599
Cp258_0545,329.369,140.614,186.855,118.303
Cp258_0546,85.9737,34.4246,33.4732,31.5174
Cp258_0553,3.18955,0,0,1.98614
Cp258_0554,0,0,4.43696,11.5595
Cp258_0555,49.0672,57.5226,46.0048,74.5841
Cp258_0559,57.3862,60.1458,20.8023,39.286
Cp258_0561,189.498,115.261,330.562,77.9149
Cp258_0565,2.38892,0,4.55548,1.79327
Cp258_0566,0.847627,1.76253,2.68321,0.262759
Cp258_0567,0.825134,1.75443,0.304995,0.70607
Cp258_0573,154.11,0,612.164,58.2643
Cp258_0574,530.934,90.6563,127.216,72.9947
Cp258_0575,11.2859,10.3843,25.3819,17.3434
Cp258_0584,0.858929,0,0.925915,1.37213
Cp258_0593,145.336,373.981,105.689,401.119
Cp258_0597,1.7201,4.09482,1.67274,2.66307
Cp258_0602,3.66139,29.9382,11.51,4.83516
Cp258_0604,7.75627,49.0897,26.3286,4.89155
Cp258_0608,18.323,11.2697,17.4431,39.4877
Cp258_0613,0,0,0,168.992
Cp258_0619,9.21577,5.77383,7.14461,10.6995
Cp258_0623,2.06178,0,0.618442,0
Cp258_0633,0,0,0,9.8752
Cp258_0634,1336.05,711.781,371.024,857.808
Cp258_0636,140.653,196.041,416.793,143.401
Cp258_0643,126.739,45.4651,85.7261,91.9599
Cp258_0649,38.0526,31.6942,31.8166,23.6784
Cp258_0650,39.6071,45.9657,49.2711,11.0672
Cp258_0670,0.723268,0,0.936422,1.02719
Cp258_0675,103.486,50.5724,52.2462,100.038
Cp258_0677,16.3011,0,16.5161,10.4868
Cp258_0678,7.34807,5.1733,1.60114,5.86242
Cp258_0681,33.9098,58.056,36.909,64.6446
Cp258_0689,81.7017,128.355,93.167,260.732
Cp258_0696,12.5177,111.242,63.53,48.1024
Cp258_0697,11148,9837.42,17520.9,24404.1
Cp258_0700,22.9201,27.1021,18.1106,11.7913
Cp258_0717,65.4075,0,20.9633,54.9065
Cp258_0720,148.5,158.982,150.922,85.8645
Cp258_0721,127.265,129.62,193.987,49.762
Cp258_0727,11.8056,10.2892,55.3323,12.6314
Cp258_0729,160.501,0,133.213,94.3068
Cp258_0731,28.393,21.9811,36.303,34.8772
Cp258_0734,0.6734,1.05061,0.307043,1.70824
Cp258_0736,82.7856,82.9299,47.9772,38.113
Cp258_0738,36.6152,17.1836,26.2959,15.8675
Cp258_0740,7.01058,3.68099,1.32756,13.5937
Cp258_0744,34.73,13.1418,13.6512,10.6527
Cp258_0748,18.4087,11.4811,4.98373,4.83304
Cp258_0749,2.22335,6.52823,4.42092,2.03053
Cp258_0751,3.74762,0,1.32552,0
Cp258_0752,2.13246,9.52213,1.39695,7.0794
Cp258_0754,3.68471,9.80439,2.98846,5.23361
Cp258_0755,0.802715,1.33858,0.858446,1.70954
Cp258_0770,23.9956,43.058,54.3969,25.6251
Cp258_0775,68.704,125.332,39.989,24.5917
Cp258_0778,74.7934,16.4644,25.0736,45.7486
Cp258_0779,0.22483,0,0.146914,0.479454
Cp258_0785,74.8199,32.4614,32.716,47.5136
Cp258_0800,15.2593,24.2139,9.60202,13.5697
Cp258_0802,29.3161,13.8099,65.9771,32.3498
Cp258_0804,3.25392,3.98992,1.99896,3.18538
Cp258_0805,16.2587,28.1657,9.88216,12.4329
Cp258_0808,43.1129,12.8039,23.9348,32.5733
Cp258_0809,172.356,247.108,107.726,77.0854
Cp258_0810,60.6696,24.774,36.8546,35.4633
Cp258_0813,6.01529,0,22.0014,6.1537
Cp258_0818,140.745,0,49.3866,69.5563
Cp258_0829,29.1653,0,22.2237,35.7275
Cp258_0831,0,0,14.7548,0
Cp258_0832,146.465,76.1849,120.181,26.605
Cp258_0840,46.4374,19.8079,26.6749,12.8164
Cp258_0847,52.0042,40.9221,52.8664,32.9825
Cp258_0859,310.127,184.58,169.062,61.2914
Cp258_0860,275.365,128.899,69.6315,113.703
Cp258_0866,26.9056,11.0957,12.4504,17.633
Cp258_0872,31.3222,4.35361,17.0409,10.7811
Cp258_0880,87.7471,44.166,76.3024,41.1986
Cp258_0881,195.627,101.34,124.744,122.471
Cp258_0891,31.7125,50.5712,25.1435,58.5187
Cp258_0892,16.625,21.9136,12.7489,7.88887
Cp258_0900,162.972,93.7287,69.3593,148.791
Cp258_0901,11.4452,18.9879,17.2949,20.9191
Cp258_0904,2.77283,0,1.97456,2.30901
Cp258_0923,25.6887,12.7882,14.61,10.6388
Cp258_0936,9.23492,7.73161,4.26261,4.27573
Cp258_0937,0,0,76.3614,0
Cp258_0940,24.9888,21.9482,22.2273,32.9265
Cp258_0941,97.244,0,0,0
Cp258_0953,1.76975,1.9458,1.34286,2.26918
Cp258_0955,23.2302,10.8141,12.1241,23.7306
Cp258_0972,748.972,599.595,1131.81,276.178
Cp258_0976,59.5331,82.9449,33.4649,73.026
Cp258_0982,11.8571,56.5298,25.4422,21.6105
Cp258_0983,29.2016,35.4804,24.0818,15.5243
Cp258_0997,9.63345,0,5.56014,3.87904
Cp258_0998,21.3156,15.8086,6.90881,17.7919
Cp258_0999,18.1878,15.0413,10.7972,21.0463
Cp258_1007,2.54681,0.776581,1.53118,3.17518
Cp258_1012,206.107,70.0062,166.008,57.9135
Cp258_1014,11.9969,7.64894,7.01565,7.50156
Cp258_1016,2.27004,14.8766,4.98596,2.7718
Cp258_1020,597.917,424.85,453.095,231.344
Cp258_1026,158.588,0,128.592,102.697
Cp258_1028,308.23,711.307,126.321,250.838
Cp258_1041,6.64114,6.47876,4.13779,7.94743
Cp258_1065,12.7871,0,18.0762,4.47715
Cp258_1071,16.2527,0,137.802,62.7163
Cp258_1079,0.438406,2.79584,0.885166,1.41398
Cp258_1080,13.5945,3.06658,2.7004,3.10119
Cp258_1089,3.85603,8.65235,4.62141,1.43366
Cp258_1091,49.5237,41.5283,36.9407,38.9293
Cp258_1092,46.4704,8.73122,28.8628,27.8894
Cp258_1095,32.5995,11.1375,12.7699,14.4548
Cp258_1096,158.766,215.888,81.5966,37.1784
Cp258_1097,67.2319,56.1097,52.4408,42.6852
Cp258_1098,90.9843,0,67.5774,64.759
Cp258_1100,1.58014,3.71702,0.993626,1.07142
Cp258_1101,9.9041,14.9051,5.68475,4.00269
Cp258_1102,307.602,335.723,223.856,345.445
Cp258_1109,4.93573,8.26587,4.95112,9.06152
Cp258_1111,27.4259,28.9513,28.0794,23.2939
Cp258_1112,25.1911,43.2431,34.5903,18.1953
Cp258_1117,64.398,79.8935,44.0718,143.076
Cp258_1125,73.0408,19.9492,13.6474,61.5171
Cp258_1128,58.0663,80.6772,78.4117,40.9783
Cp258_1143,5533.6,10901.2,4078.6,2012.67
Cp258_1150,11.1636,13.4791,7.13421,9.9355
Cp258_1152,9.96408,71.9929,29.7578,7.75727
Cp258_1155,20.2518,18.3998,28.0231,20.3239
Cp258_1163,338.525,101.612,173.805,103.442
Cp258_1165,16.7179,19.6936,10.414,14.81
Cp258_1169,16.4337,19.3984,17.5356,13.3815
Cp258_1170,3.50182,4.07998,2.30359,4.09234
Cp258_1171,42.7467,7.38817,30.5819,36.7789
Cp258_1173,14.6429,4.55141,0.955617,0.873073
Cp258_1176,4.12912,10.3731,4.73728,6.05217
Cp258_1179,1.63953,3.81533,0.395892,0.998782
Cp258_1184,196.03,350.779,223.898,47.1759
Cp258_1194,382.778,207.231,223.136,178.021
Cp258_1195,1879.32,9887.6,2441.45,2287.2
Cp258_1197,29.6542,21.3643,10.9818,6.90956
Cp258_1200,35.9667,20.8989,34.3425,8.12527
Cp258_1202,54.4655,88.7834,154.299,45.8931
Cp258_1204,76.3521,46.8709,45.8075,62.5222
Cp258_1206,62.3299,29.6974,9.28127,40.421
Cp258_1209,15.7731,1.58199,3.85782,13.2532
Cp258_1211,231.946,1737.13,1178.52,252.596
Cp258_1213,429.076,348.224,311.675,666.431
Cp258_1214,78.3172,98.613,107.683,40.7577
Cp258_1218,93.9475,82.1725,115.046,101.212
Cp258_1222,63.3459,168.09,97.6292,26.6588
Cp258_1226,10.9761,116.876,206.956,111.606
Cp258_1228,278.786,316.318,597.696,291.289
Cp258_1230,3.78428,15.4917,2.60754,5.09567
Cp258_1235,6.60958,3.53995,2.80722,7.05192
Cp258_1237,10.7325,10.5744,6.45152,7.01522
Cp258_1245,32.8741,83.8202,74.1656,11.9437
Cp258_1247,1113.47,0,1183.66,384.088
Cp258_1255,0.489198,6.30964,0.182935,0.453118
Cp258_1257,7.66326,6.68264,1.95411,8.00603
Cp258_1259,126.471,99.8095,52.9555,43.9134
Cp258_1264,54.9893,59.9996,12.7903,26.162
Cp258_1265,13.9743,26.9855,7.00555,13.7409
Cp258_1266,11.5118,117.393,44.5408,33.4276
Cp258_1270,99.7458,0,31.9513,68.2167
Cp258_1278,62.6266,230.096,34.3493,70.5337
Cp258_1282,17.4453,23.0143,11.9792,20.4471
Cp258_1283,85.6105,32.4681,43.2521,67.4389
Cp258_1293,137.44,32.5654,44.5076,43.19
Cp258_1295,31.7934,28.1976,26.1087,13.9209
Cp258_1301,9.76236,3.69194,2.64042,1.52174
Cp258_1303,25.2632,0,17.4065,11.2718
Cp258_1305,11.3737,6.25341,12.1801,5.58172
Cp258_1306,83.4874,52.3992,45.3055,16.1008
Cp258_1311,29.2465,15.6667,6.1772,29.6836
Cp258_1314,21.6178,22.6622,26.0358,28.7831
Cp258_1321,53.8535,27.1129,10.5583,34.8497
Cp258_1323,334.441,0,0,267.897
Cp258_1324,163.183,213.578,347.86,38.5248
Cp258_1326,78.2046,66.7559,64.2725,27.2626
Cp258_1332,0,0,4.48916,0
Cp258_1334,1.62596,0,1.06302,0
Cp258_1336,228.763,423.39,223.871,70.1094
Cp258_1345,59.4895,71.1162,46.8598,37.9102
Cp258_1354,54.748,34.4877,7.27954,7.7929
Cp258_1357,174.902,204.427,310.033,109.861
Cp258_1358,51.1813,31.7022,9.41525,10.8816
Cp258_1360,5.83477,10.8354,4.13266,3.95223
Cp258_1365,5.71864,1.32338,1.60843,3.60146
Cp258_1368,0,0,74.5857,0
Cp258_1369,17.2748,43.9892,6.2729,14.6877
Cp258_1373,106.084,22.4834,22.9428,49.6812
Cp258_1379,43.8094,18.6196,11.0206,83.7191
Cp258_1380,94.9514,85.4632,116.774,72.7312
Cp258_1384,6.434,3.87207,1.61656,0.74149
Cp258_1386,135.059,117.646,38.5838,87.6879
Cp258_1391,6.00922,0,4.12237,6.59023
Cp258_1392,987.725,0,1409.68,813.515
Cp258_1393,76.445,26.3312,51.4222,81.6232
Cp258_1399,37.1244,20.9934,34.9581,15.3185
Cp258_1402,11.0727,2.28136,2.73872,5.02565
Cp258_1407,207.078,414.519,385.354,65.3025
Cp258_1412,41.3247,6.09073,8.74141,14.7393
Cp258_1429,50.2278,53.2253,22.6062,70.4793
Cp258_1434,116.125,157.753,86.1135,59.9694
Cp258_1437,103.861,53.1317,72.822,35.2449
Cp258_1442,72.5243,34.3989,108.078,54.6878
Cp258_1443,134.678,26.4609,68.0192,33.7043
Cp258_1444,0,557.639,0,0
Cp258_1454,41.3731,11.0479,35.121,17.5566
Cp258_1460,60.4944,266.416,74.4949,116.885
Cp258_1473,8.98613,4.79993,1.85386,3.89426
Cp258_1476,16.3451,13.9652,3.43643,14.7153
Cp258_1477,286.552,281.629,89.5752,706.05
Cp258_1480,365.696,0,230.004,506.631
Cp258_1483,19.2965,21.4548,9.42263,13.1779
Cp258_1484,0,301.702,23.8664,153.681
Cp258_1488,1.7153,2.22088,0.215879,1.53943
Cp258_1490,518.963,0,42.6699,313.853
Cp258_1491,16.7901,13.2812,8.70983,12.3391
Cp258_1493,32.8021,9.03256,12.2829,15.6046
Cp258_1494,6.44542,15.4378,21.9505,13.1298
Cp258_1499,14.1041,0,4.50537,4.30029
Cp258_1506,63.9633,46.8213,72.2384,26.8144
Cp258_1508,4.85972,16.2363,3.76116,6.93169
Cp258_1509,354.881,332.195,218.109,269.442
Cp258_1514,8.11001,8.02286,9.71323,7.71588
Cp258_1517,27.3239,6.62206,8.91629,20.2075
Cp258_1519,191.543,132.259,131.981,87.2981
Cp258_1523,553.922,174.372,192.973,194.028
Cp258_1525,25.8776,18.2473,23.8554,15.6856
Cp258_1542,0,0,26.9809,86.5081
Cp258_1546,1.92273,0,1.54713,1.37873
Cp258_1554,7.34653,16.1003,9.13975,4.72644
Cp258_1560,1532.55,0,1908.83,497.339
Cp258_1563,12.2304,7.63407,1.47551,3.8189
Cp258_1568,39.1224,34.3237,44.4385,17.8891
Cp258_1569,12.0768,0,16.8494,11.8335
Cp258_1571,5.45695,0,3.9503,5.82731
Cp258_1577,4.41418,5.16063,7.36682,0.659434
Cp258_1578,30.6957,10.6164,27.5404,10.3115
Cp258_1580,110.835,182.526,101.657,26.9874
Cp258_1583,2.99538,0,3.29204,29.0743
Cp258_1585,4.77171,4.13208,2.82566,1.02482
Cp258_1591,12.1018,8.3183,7.91511,3.46889
Cp258_1594,72.8957,19.0287,84.7575,70.7963
Cp258_1598,14.5066,6.40003,7.96561,16.544
Cp258_1606,5.88564,10.2288,2.04108,9.99408
Cp258_1613,8.71082,18.6408,11.3556,7.0914
Cp258_1619,66.3098,42.9187,67.5593,75.68
Cp258_1621,0,0,97.8697,0
Cp258_1623,1.8039,1.07792,0.352614,0.768519
Cp258_1626,0.257109,0,0.195324,0.204915
Cp258_1628,21.9735,19.5018,6.78244,17.5415
Cp258_1629,6425.96,3704.53,5690.55,9909.52
Cp258_1632,82.8412,21.9939,66.4015,61.6387
Cp258_1637,6.03515,8.7202,1.17664,1.68685
Cp258_1649,301.204,588.474,1041.46,376.159
Cp258_1657,2.60917,0,0,1.90258
Cp258_1658,63.3646,36.3678,33.5724,31.1457
Cp258_1661,42.45,0,43.7207,19.12
Cp258_1662,95.3249,152.691,114.568,120.126
Cp258_1663,98.6825,83.6182,153.683,79.1147
Cp258_1665,10.841,18.0072,20.2186,43.5845
Cp258_1667,1.22239,9.59492,4.51727,12.3071
Cp258_1668,97.0503,116.235,152.592,74.2928
Cp258_1693,21.9622,55.9686,26.6278,12.5956
Cp258_1696,3.81987,1.43812,1.35436,16.3921
Cp258_1697,3.96944,2.50723,0.246116,0.579117
Cp258_1698,0,0,6.53598,0
Cp258_1702,147.043,19.0359,44.012,22.3202
Cp258_1710,145.336,373.981,105.689,401.119
Cp258_1713,67.3434,69.4293,65.0539,68.3983
Cp258_1726,111.35,1284.63,227.51,176.407
Cp258_1732,5.73459,3.68773,3.97547,9.39349
Cp258_1734,61.4438,86.9808,70.595,68.5803
Cp258_1736,10.8557,9.31007,6.26815,19.9437
Cp258_1737,1188.21,552.849,172.424,473.324
Cp258_1747,74.8787,60.3821,35.2513,162.669
Cp258_1749,1065.41,0,1089.35,572.943
Cp258_1756,87.1028,14.7706,9.94535,101.973
Cp258_1761,7.38105,0,8.0064,4.68018
Cp258_1763,2.0232,19.2615,2.62606,2.43976
Cp258_1766,3.04575,0,1.43312,2.33454
Cp258_1767,14.7335,15.0934,19.2061,4.62524
Cp258_1768,10.2269,8.45493,1.97726,7.40243
Cp258_1769,48.7059,181.127,195.168,80.7973
Cp258_1781,95.9705,25.8979,28.2475,23.355
Cp258_1783,83.1389,98.6762,178.909,114.15
Cp258_1786,21.2644,4.25936,6.96769,32.8438
Cp258_1789,10.4602,0,3.30967,10.2655
Cp258_1795,0.646614,0,0.877807,0.266754
Cp258_1797,73.9248,24.7751,20.3021,27.436
Cp258_1803,194.199,209.597,141.587,126.978
Cp258_1804,25.4961,76.5683,27.1468,8.87364
Cp258_1814,107.121,61.1102,214.849,100.967
Cp258_1819,6560.29,10730.8,6867.57,495.095
Cp258_1834,10.9412,10.6409,8.20124,9.32318
Cp258_1835,35.4474,19.4246,16.0399,27.3704
Cp258_1836,31.7302,27.9547,29.855,22.0345
Cp258_1837,40.4868,117.028,0,15.7036
Cp258_1839,22.6063,42.4407,24.9258,12.1573
Cp258_1845,6.54844,3.14019,5.61828,7.13825
Cp258_1850,18.4203,10.8844,6.37864,21.9816
Cp258_1851,52.4254,44.7457,54.6296,95.3387
Cp258_1855,1296.61,0,565.124,79.7212
Cp258_1856,1495.09,3213.33,1235.15,718.736
Cp258_1866,0.431384,2.84838,0.406614,2.66103
Cp258_1868,134.092,172.116,77.6469,15.7762
Cp258_1869,113.296,77.9455,56.7756,24.2806
Cp258_1878,56.6445,22.6764,58.2867,52.5846
Cp258_1880,15.0869,20.3681,16.9565,35.7566
Cp258_1884,7.75709,11.1643,3.3152,9.62843
Cp258_1896,10.9745,4.71087,12.1944,4.67187
Cp258_1907,0.827236,2.65405,0.264501,0
Cp258_1916,32.4328,27.5145,14.28,39.9539
Cp258_1917,16.9906,0,10.1887,20.653
Cp258_1919,49.539,31.3227,50.507,24.2745
Cp258_1926,57.6181,32.1943,22.9182,5.24124
Cp258_1928,4.57813,4.43136,4.05073,28.5239
Cp258_1932,28.0992,27.8753,8.28269,7.44662
Cp258_1940,0,2.57643,1.78552,1.55752
Cp258_1942,11.2658,6.22426,3.17823,6.27292
Cp258_1945,12.3435,65.8942,44.4419,22.6551
Cp258_1946,0,0,78.0652,30.9976
Cp258_1951,27.7213,16.7136,18.5184,22.0557
Cp258_1955,3.18799,3.59756,3.71726,4.6924
Cp258_1956,4.12023,1.25918,1.10679,3.634
Cp258_1958,7.32891,0,4.9463,10.0058
Cp258_1959,123.631,35.908,21.9822,139.064
Cp258_1964,5.15834,10.3058,5.08885,6.54509
Cp258_1966,5.05522,6.971,19.0267,0
Cp258_1972,155.086,25.3367,37.536,138.23
Cp258_1974,10.0909,3.38746,3.53792,5.23683
Cp258_1979,200.124,34.2097,127.518,89.089
Cp258_1980,28.7648,6.94098,14.9011,10.1536
Cp258_1981,16.1352,6.94369,4.40535,6.53859
Cp258_1988,2.39808,0,4.83451,0
Cp258_1990,4.81412,6.0729,2.24935,3.97103
Cp258_1991,19.3742,0,20.3336,20.0583
Cp258_1994,22.9907,28.5217,3.9262,10.0744
Cp258_1995,11.2166,5.32522,8.5149,15.2314
Cp258_1999,2.23802,0,0.825085,1.8125
Cp258_2000,5.01007,11.8887,2.11253,4.52752
Cp258_2014,0.863443,3.93283,2.7033,21.794
Cp258_2023,58.376,64.1759,53.1201,162.009
Cp258_2038,145.336,373.981,105.689,401.119
Cp258_2039,29.5131,6.60105,10.9115,49.827
Cp258_2041,24.3929,0,10.8707,60.8802
Cp258_2042,18.6126,7.35227,1.22763,7.51949
Cp258_2056,35.2889,198.375,216.864,0
Cp258_2057,37.003,3.86257,24.6435,25.0939
Cp258_2062,10.006,23.2226,5.18143,0.281726
Cp258_2063,372.905,228.015,316.298,88.7984
Cp258_2064,334.867,129.388,124.981,141.482
Cp258_2065,7.63858,9.16546,0,35.7976
Cp258_2070,1.00962,0,1.495,1.3206
Cp258_2073,20830.3,18834.2,22450.5,6849.02
Cp258_2075,13.2608,5.43927,7.5565,107.59
Cp258_2076,112.856,11.9954,14.525,229.03
Cp258_2079,24.0102,14.2429,1.98044,4.10685
Cp258_2084,3.61955,6.96397,4.74604,16.147
Cp258_2093,23.5613,9.4281,36.277,29.1276
Cp258_2094,122.411,35.6875,163.713,82.0864
Cp258_2095,54.5591,43.1131,20.1466,45.648
Cp258_2096,8.37693,20.6781,12.0439,7.20678
Cp258_2101,10.7794,13.6969,13.5685,16.2921
Cp258_2109,323.53,0,0,325.306
Cp258_2112,33.4746,0,16.1916,39.4065
Cp258_2120,3.91329,9.08597,3.53244,3.46316
Cp258_2121,6.09618,6.29135,1.85565,1.53426
Cp258_2122,7.87828,3.92972,2.23958,3.27457
Cp258_2124,0,0,0,504.516
cpaE,0,2.39764,0,0
crtB,2.58231,0,0.664226,2.20259
crtI2,3.38113,0,1.18285,1.72389
csd,21.6904,6.27704,12.9858,18.0993
csdA,93.1828,70.5394,62.391,176.104
cseE,57.9093,71.6825,88.7727,73.9875
cskE,4.89894,8.46284,7.28398,1.01872
csm,55.9798,127.873,91.9761,115.101
cspA,14591.8,24127.5,23057.7,6893.29
cspB,184.192,95.8429,113.81,122.809
cstS,3.77369,0,2.59992,2.07109
ctaB,49.7575,35.3351,34.945,51.9396
ctaC,156.162,117.127,168.651,163.29
ctaF,284.879,322.661,71.7119,103.754
ctpA,41.6751,19.5955,33.2662,13.6423
cwlM,90.2931,33.0487,62.1125,136.256
cyaA,3.63155,3.12662,3.99552,1.64207
cynT,177.676,17.8462,35.8634,81.8315
cysA,39.2458,7.804,28.8244,54.5122
cysE,29.0947,29.3854,26.0121,25.3528
cysK,226.859,90.9774,33.5019,63.7614
cysQ,47.8184,149.222,67.4689,21.0284
cysS,219.24,114.418,153.926,141.03
dacA,5.6494,4.82118,5.12311,3.37915
daK2,6.37901,4.3242,2.52346,3.52255
dapA,149.743,94.6067,150.724,126.566
dapB,31.5208,10.3357,13.2766,12.7754
dapC,11.1277,3.46555,10.9645,4.14243
dapD,9.91164,3.59553,4.04724,6.25724
dapD1,1.54233,3.52027,1.63944,1.98404
dapE,28.9182,6.51442,9.09626,11.2553
dcp,41.866,7.49241,6.91255,28.4294
dctA,23.449,11.4766,9.94643,18.1925
dcuB,59.1342,17.296,9.95897,2.10219
deaD1,111.216,542.213,337.627,99.2888
deaD2,16.9289,32.5252,14.2139,11.3651
def,38.3702,9.40924,34.7763,25.4637
def1,117.281,14.9735,19.6468,43.5472
deoA,183.779,26.1799,27.724,50.638
deoC,0,7.10883,3.07115,0
deoD,20.2649,25.5815,5.42562,14.3718
deoR,34.6302,35.0994,61.2903,72.0661
desA3,0.703924,0,0.96696,4.23836
dgoR,2.57734,0,0.45751,1.04849
dhaL,35.7595,5.00268,1.99033,10.2261
dinB,3.8059,4.861,7.63836,7.67495
dipZ,5.59644,0,2.34488,4.00891
dnaA,10.8882,17.7706,5.38347,13.9653
dnaE,18.978,3.23895,5.25238,8.65875
dnaG,15.1678,11.7894,5.22716,15.9013
dnaN,33.4637,34.8399,45.17,54.1529
dnaQ1,9.43955,3.14299,8.04372,4.76788
dnaQ2,5.42753,20.5903,5.8546,4.7831
dnaQ3,7.68396,0,16.1861,6.56253
dnaX,18.7251,18.3189,19.3031,37.1159
dprE1,47.2419,31.8505,21.2678,20.683
dps,318.971,88.2761,171.719,1796.5
dsbB,271.693,73.3022,91.7357,2.61255
dsbD,48.6052,16.0682,99.7145,71.5386
dxr,16.266,19.9089,12.2296,12.9729
dxs,64.756,21.7501,20.9718,23.3399
eccC3,0.273276,0.553228,0.147633,0.106212
echA,45.102,12.5294,13.9956,5.34231
ectP,40.5683,25.9903,16.2989,12.2245
efp,46.2848,75.3864,76.9762,78.49
emrB,31.0276,13.4941,13.2062,19.1235
engA,57.3573,23.4596,17.456,11.2821
eno,1304.5,516.417,379.638,961.223
entD,35.1342,48.2752,28.3138,24.6605
era,23.262,59.8776,46.0406,22.167
esxT,13.3159,0,15.9173,0
etfA,94.0384,85.609,80.1234,117.659
etfB,101.187,34.7578,56.992,80.8741
eutD,9.26669,10.635,4.3825,8.40862
fbaA,629.965,503.472,313.137,310.395
fecB,201.931,30.3849,76.6453,94.5315
fecCD,9.97601,0,4.0192,0
fecE,4.13957,4.57017,7.19983,3.78843
ffh,62.4795,21.1929,18.8948,30.6241
fhuC,39.6418,65.725,23.8733,8.40876
fhuD,52.3113,39.1248,33.7207,10.8905
fhuG,22.2772,17.3636,28.0634,11.5422
fmt,32.3664,77.1176,35.2152,39.0687
fmu,18.7297,24.0205,14.2557,15.1573
folB,165.91,371.189,156.692,47.413
folC,37.3911,33.9168,12.1453,31.4901
folD,168.079,248.105,84.2049,60.1207
folE,36.9923,104.989,77.0959,49.8027
folK,137.425,0,21.057,25.8497
folP,14.3066,6.58107,3.27432,6.68426
folP1,29.9196,37.0782,10.1284,8.16066
fruK,119.412,49.2975,31.5085,67.1164
ftsW,19.232,11.9782,6.50863,19.8341
fusA,289.086,269.829,293.511,109.205
fxsA,108.685,57.869,77.5417,123.968
galE,50.3736,49.0259,34.6954,78.0712
galT,4.01925,6.46863,2.16345,3.56546
galU,72.1903,66.6246,79.3179,35.4384
gap,360.05,368.75,130.277,199.71
gapA,2.38844,1.63617,2.45784,1.76541
gatA,69.3713,23.0185,26.1203,34.8326
gatB,283.17,112.241,157.794,132.931
gatC,106.518,392.043,253.956,36.0869
glbO,5.07277,17.4774,11.0513,2.30897
gldA,20.4634,4.48206,20.2791,35.0983
glf,80.6845,128.493,61.6219,46.4246
glfT1,17.6624,14.1854,4.63313,7.94693
glgA,13.5537,1.24671,2.83874,13.2473
glgB,54.5425,26.81,21.0659,69.8197
glgC,70.1826,65.8148,21.7241,22.116
glgE,12.764,19.1458,11.6432,18.9895
glgP,7.24086,6.98614,1.34543,2.13513
glgX,26.7526,21.9786,12.1416,22.46
glk,60.8292,51.8471,76.4341,42.6427
glmS,22.7688,19.0531,10.9619,24.5244
glmU,10.6614,14.7326,5.43242,8.29313
glnD,18.1986,7.8117,6.44248,13.7469
glnE,11.2749,7.57545,3.73068,9.29278
glnH,10.8387,6.50426,4.1273,5.69254
glpF,17.5175,10.6111,4.99962,15.8144
glpQ,2.52131,0,3.44602,4.42949
glpR,152.418,64.0821,62.4441,92.1369
glpT,4.93489,4.777,0.627851,1.60281
glpT1,24.3114,0,5.31257,16.9968
gltA,22.6583,22.1674,10.9288,24.3992
gltT,24.3084,6.91883,3.18286,7.21747
gltX1,65.7982,45.994,36.6904,44.1476
gluA,0.310088,0,1.73597,0.663948
gluB,5.67905,2.22632,1.90397,1.26957
gluC,0,0,9.47448,2.40706
glxK,9.36147,7.18574,1.6587,6.10244
glxR,109.382,71.7907,44.9911,16.0774
gmk,1352.33,559.741,642.415,301.191
gnd,288.635,171.799,186.645,184.523
gpmA,622.535,268.613,280.806,194.089
gpmB,69.0239,23.8095,102.897,69.5729
gppA2,16.8071,19.9219,18.2591,8.10917
greA,23.4695,55.6598,71.6389,16.7798
gspE,1.25919,0,0,2.69806
guaB,58.8937,15.3384,16.8866,20.7496
guaB2,164.14,68.5623,48.2502,73.8914
gyrA,34.3151,21.7795,12.5801,19.684
gyrB,44.4865,66.5491,20.1567,43.4925
helZ,12.3359,7.47843,5.97583,8.0538
hemA,226.137,44.0094,54.447,59.5882
hemB,13.8712,9.01616,8.54924,4.12252
hemC,90.196,29.6596,32.0883,32.6305
hemD,12.9397,6.24373,6.00177,11.4558
hemE,171.148,48.4275,142.308,36.4698
hemK,24.6046,73.0075,44.8596,12.2803
hemL,124.792,39.5767,45.2554,139.5
hemY,68.9508,52.8259,23.9633,30.1475
hflX,73.2219,115.018,56.3632,62.6482
hisA,6.11354,67.6906,19.9414,31.6083
hisB,19.9766,11.0943,8.2598,28.3763
hisC,5.8744,3.3955,6.30808,5.38825
hisE,104.484,165.161,82.3468,25.8485
hisG,27.7283,7.79524,3.76361,13.9215
hisI,70.6843,0,57.495,16.5074
hpaF,9.22679,4.91648,3.81128,3.84743
hpt,80.8083,161.047,88.1443,89.9316
hrcA,13.026,20.2675,16.106,18.5197
hrpB,2.42789,3.46228,1.11429,3.47396
icd,4.43435,1.515,5.13064,17.2913
idnK,0,20.6392,25.593,10.7995
idnO,12.041,7.59381,2.46778,0.647806
ilvA,35.742,20.3875,28.8141,13.2394
ilvB1,41.2426,44.3909,6.47901,107.467
ilvC,186.019,70.8987,22.7852,51.6645
ilvE,143.548,74.1458,75.407,183.881
impA,15.6495,37.545,16.6141,17.3338
infB,36.6846,100.561,36.2803,46.3362
infC,119.023,349.574,521.988,103.075
ino1,0,0,2.20065,0
ispB,59.066,35.5098,59.4069,62.6854
ispE,16.9146,9.91014,7.83778,4.7192
ispG,90.4289,54.1072,57.2321,53.8692
iunH2,10.9398,6.13508,3.29637,3.46318
kstR,4.23111,0,4.38652,2.89931
lcfA1,1.89365,2.10572,0.512182,1.22159
lcfA2,7.33857,0,3.80814,4.66793
ldh,77.5713,45.3491,48.8975,126.098
lepA,16.2443,15.0947,12.8509,12.2777
leuA,0.671556,0,0.178514,0.414342
levD,47.3385,32.1643,23.2576,84.0178
lhr,5.21742,4.24328,0.434388,4.3045
ligA,59.4189,34.1249,48.33,61.8772
lipY,0.563687,2.53053,0.331463,0.270118
lmrB,2.128,0,1.41775,0.698497
lon,15.7618,9.61174,4.21298,8.65486
lpdA,43.9265,10.7412,14.2398,25.3579
lpqB,27.5375,6.20503,17.9073,26.711
lpqC,29.9399,30.8609,25.7403,9.22433
lpqW,24.4021,33.4036,20.1974,19.7831
ltbR,3.75672,0.525029,0.665795,1.56031
lutB,71.9828,67.7477,53.5804,7.68465
lutP,132.766,69.8151,61.9072,18.1095
lysA,4.41733,4.51971,2.20415,8.9444
lysC,60.6235,17.5189,21.6949,41.4142
lysE,10.3086,4.59368,5.82899,17.7412
lysG,6.78715,0,5.55211,9.71822
lysI,9.25701,9.0077,6.41482,2.90546
lysR,16.925,28.5134,21.1422,19.8262
lysR1,9.28814,8.11124,13.7451,58.773
lysS,70.5349,77.2202,73.8064,99.4451
lysS1,12.2082,6.66335,5.75308,17.741
lytR,44.0126,27.0517,19.3683,18.4374
maf,42.4044,16.0375,7.65373,33.2748
malE,150.954,101.471,117.588,8.73411
malG,35.6283,10.7864,7.29839,2.49338
malK,81.9845,18.2647,22.92,34.0614
manB,6.4023,6.33079,4.80887,4.1075
manC,99.4597,32.1551,78.8766,53.2037
manP,50.1711,13.8082,14.5762,19.249
marR2,19.2171,21.0227,34.6407,34.3679
marR3,49.1859,26.8979,32.7661,46.3142
mas,49.0267,9.25706,8.58773,28.1984
mazG,96.7843,0,72.9241,34.0469
mca,77.9956,9.48789,14.8152,39.0926
mdh,970.361,534.657,558.936,655.578
menA,80.2828,49.8204,20.0199,15.2193
menB,15.9403,2.78322,6.34518,8.95941
menD,9.6392,4.57636,3.55669,16.5585
menE,17.8579,12.2478,7.73974,12.7861
menF,2.48039,5.8339,4.35309,1.53008
merR2,120.88,98.5643,87.5836,127.83
merR3,816.328,226.481,278.796,282.768
metB,0,0,0.628864,0.282088
metG,41.1335,38.0671,27.0459,26.1323
metI,15.0646,34.6693,9.26372,15.299
metK,106.414,70.2248,140.19,56.4067
metN,5.80338,2.95431,4.87263,3.18526
metQ1,1.72196,1.70794,1.30523,0.684082
metX,0,2.14731,0.997067,0.739078
mfd,16.9011,13.5062,10.3378,10.8781
mgtE2,42.3842,18.0465,23.7361,78.4865
miaA,6.9066,29.0214,16.9942,4.77746
miaB,31.0562,18.4388,19.9698,7.89494
mmsB,0,0,1.21164,0
mnmA,27.179,10.8806,22.7832,20.6199
mntA,2.49321,3.12624,2.03537,0.665068
mntB,26.1057,14.9907,18.9462,18.5198
mntC,19.3189,6.14305,11.6895,21.9947
mntD,0.382112,5.29733,0.0197047,1.13852
mntR,82.3232,102.448,58.5842,59.8561
moaB,183.171,46.6426,123.19,246.558
moeA,7.92495,1.26786,2.91228,3.40983
mprA,23.6338,0,7.23444,2.82574
mptA,15.7936,24.7988,11.8853,5.37661
mqo,44.7834,52.5486,16.576,75.1704
mraW,294.757,352.35,41.7751,181.318
mraZ,315.169,415.419,537.959,752.126
mrp,3.1788,9.15882,2.62542,4.28738
mrpA,13.0126,20.5417,9.16971,13.4157
mrpC,8.27902,0,13.4363,5.04203
mrpD,12.6045,11.2804,8.06769,11.1801
mrpD1,18.2295,5.95021,10.1515,15.9183
mrpF,27.9317,82.8803,103.05,54.5193
mscL,302.06,292.467,134.603,83.3228
mscS,2.42836,0.808884,1.20591,3.49291
mshA,17.7411,9.02897,3.86665,33.7847
mshB,18.3461,18.0256,5.09821,12.5268
mshC,17.3226,13.1775,13.4296,14.9502
mshD,12.5335,49.1881,26.8152,5.89479
msrA,18.3758,0,18.799,79.2474
msrB,53.7067,18.4821,60.8668,114.057
mtrB,53.014,39.842,45.6371,48.1954
murA,54.6095,27.7769,14.3863,37.8694
murB,37.683,24.9164,19.4128,18.7611
murC,99.4633,21.7211,18.8448,37.5217
murD,26.812,4.68161,4.29486,7.0819
murG,163.108,25.2928,31.4282,91.906
murI,3.41756,5.02979,3.59766,5.80743
mutA,203.891,82.3076,22.7659,22.816
mutM2,4.84468,0,5.40538,11.7267
mutT,63.2785,15.3186,47.8032,41.2428
mutT1,11.3931,25.1518,39.0862,17.529
mutY,1.68828,0,10.9921,1.21695
mycB,0.992253,1.1533,2.0295,1.80833
nadD,97.5458,17.8397,81.0979,31.1108
nagA1,10.0921,7.95031,3.61907,9.66107
nagD,126.834,143.946,37.1932,39.0561
nanE,6.75127,0,0,7.24397
nanK,7.91391,0,2.66021,9.21548
ndh,15.174,53.4514,21.5503,42.4866
ndk,262.668,247.999,180.087,71.4955
nei,5.03763,19.2061,1.82525,5.61199
nemA,13.4191,0,9.47187,51.7155
norM,2.8292,9.01771,3.78549,10.5435
noxC,72.6793,0,24.1692,17.9839
nrdD,5.71827,6.13421,2.05181,2.82
nrdG,8.02956,5.25968,6.45326,3.25083
nrdR,157.547,80.2962,290.84,116.979
nth,11.5725,22.5712,9.54006,14.7436
nudC,29.2412,17.4253,15.0247,5.75416
nudF,56.3596,135.681,73.281,30.9363
nudL,52.0615,22.7876,74.813,45.501
nusG,163.104,29.4216,20.9033,38.877
oatA,6.11547,7.64111,6.86214,5.07183
obgE,72.8121,10.5331,56.2246,63.0493
ogt,76.6777,104.911,139.544,18.229
oppA3,78.8933,56.192,15.714,21.3681
oppA5,2.26535,6.39783,2.04494,2.48799
oppC3,22.138,5.00093,5.4834,3.62636
oppC4,26.1267,9.09594,9.9219,5.62114
oppCD1,71.8045,45.7983,36.4684,49.927
oppD1,33.8187,12.8017,21.8215,23.7511
oppDF2,4.08007,9.19301,6.34933,4.16193
opt,19.464,11.4671,6.67749,3.26364
opuAC,2.31938,54.1122,17.1883,29.2576
opuBB,9.9778,4.52134,1.51034,5.6868
otsA,21.4726,34.9708,18.5201,13.3891
otsB,13.9426,5.73341,4.59828,4.94436
oxaA,26.3732,9.2756,6.35169,6.59454
pabB,3.05681,3.11902,1.59438,2.41382
padR1,14.1066,58.5834,11.163,25.0007
pafA,4.59255,10.7335,3.02808,7.06106
pafA1,3.48145,7.42494,3.12035,3.10566
pafB,13.3588,10.842,7.12754,27.5233
pafC,22.1752,27.9699,21.2934,44.9812
pbp4,28.9507,18.1157,23.7039,18.1444
pbpA,49.2449,32.6031,24.2766,65.5847
pbpB,16.965,10.538,7.90485,18.1208
pbuX,34.5565,32.2555,20.5087,8.01501
pccB2,0.479652,1.07755,0,0.65793
pcrA,10.513,7.38333,7.96187,13.6792
pcsA,33.7234,12.4346,7.98707,5.30915
pdxY,5.01597,2.40655,3.56722,3.85873
pepB,37.6294,42.7205,38.8722,82.5437
pepC1,49.8165,25.2119,13.2989,167.445
pepC2,14.5173,4.00406,5.75754,7.74107
pepD,19.4616,20.674,9.06561,52.8001
pepE,14.2375,24.0375,11.953,12.9197
pepO,18.8123,23.677,10.3835,41.8283
pfkA,1628.38,447.083,812.786,1073.08
pflA,46.6299,2.33301,4.05183,6.98708
pgi,53.4979,23.7697,10.7916,35.1278
pgk,332.092,234.473,113.68,321.824
pgl,14.8767,30.4244,9.56421,25.3676
pgm1,13.37,8.40439,6.79404,9.34863
pgp,24.6839,6.43597,11.7427,16.6911
pgsA,196.425,66.5961,80.8556,77.4957
pheA,6.2721,1.85006,1.03141,3.21469
pheS,26.8778,66.7682,63.0029,37.5204
pheT,52.9595,47.6979,28.7829,20.4739
phnA,93.2168,154.214,168.973,0
phuC,11.114,0,2.67948,1.85655
pimA,45.6178,10.5508,23.0017,17.2963
pimB,20.2213,16.7401,14.0712,20.774
pimT,19.4545,43.9151,30.2687,26.1494
pip,19.7318,10.4384,8.24995,43.3608
pitB,9.99048,1.45398,4.68907,4.034
piuB,7.25019,0,0.365055,2.47889
pknB,13.462,13.9029,11.7924,18.7897
pknG,30.9965,27.7694,6.54568,22.6401
pknL,7.58351,5.05241,2.17771,6.94899
pldB,14.2502,0,8.00538,31.3424
plsC1,172.215,79.2565,63.4189,115.465
polC,9.5621,2.74141,2.4734,3.59134
potA,4.49356,2.80475,1.26436,3.18569
potD,19.9091,13.8136,17.5898,11.4235
ppa,63.7219,180.322,53.6995,75.8277
ppc,51.9771,27.2395,16.7394,38.2989
ppgK,33.9328,29.1553,19.9325,16.5424
ppiB,34.4248,10.2202,19.239,16.2386
ppsA,32.1208,37.8635,25.094,61.8188
priA,15.2147,9.43869,6.17388,9.13247
proB,16.4848,7.18437,4.72929,9.1167
proC,15.6172,19.2043,18.0343,5.82614
proS,56.7489,53.0968,33.4439,35.1411
prsA,43.8412,45.625,26.7667,11.5955
pspA,430.913,221.879,177.442,374.052
pspC1,575.904,378.98,415.545,634.41
pstB,0,0,0,4.04713
pstP,7.8157,4.1415,2.11989,13.7566
pth1,8.27932,0,0.845919,1.12514
ptpA,30.2727,0,7.82859,23.7486
ptrB,70.0667,9.19159,14.4394,76.1269
ptsF,10.9727,13.1467,7.20926,12.7727
ptsH,3385.07,3537.37,7665.37,2530.92
ptsI,343.956,143.208,132.002,199.605
pulA,6.12478,10.327,6.57059,5.8677
purB,64.085,67.3988,42.156,22.5314
purC,62.8136,67.3719,36.1887,28.1072
purD,64.1769,9.73383,32.707,58.9123
purF,53.66,42.644,30.7775,12.5606
purH,35.7779,54.3672,54.8311,45.4085
purL,108.84,33.7327,29.9238,97.8828
purM,40.5066,33.8417,41.5083,29.8879
purQ,117.186,47.0569,54.151,76.4752
purS,260.102,0,57.638,129.234
purT,58.5322,32.4282,55.9743,43.229
pyc,12.3603,13.8934,3.76204,0.626947
pyrB,23.2947,0,12.2454,5.33884
pyrC,22.8194,9.90889,7.78464,8.09866
pyrF,99.751,73.9431,61.1,21.1631
pyrH,273.665,144.267,79.9514,50.5884
qcrA,60.0523,74.0999,55.4544,15.962
qorA,2.06454,6.68365,5.01341,18.1064
radA,1.95022,3.59972,1.21461,3.38544
rbsA,32.4362,42.7924,32.454,11.9768
rbsC,31.903,52.5345,43.4668,13.4831
rbsK,22.2786,17.1581,13.1762,29.9147
rbsR,10.3389,3.57358,2.48073,3.7571
recA,84.3433,47.956,43.1833,67.981
recB,6.25095,37.712,33.3054,5.28041
recF,12.9766,10.0314,6.43113,8.28084
recG,1.59416,2.06097,0.415492,0.337154
recO,3.4081,5.01936,2.83446,4.36393
recR,20.5369,24.9338,22.61,7.80418
recX,3.13661,47.4972,32.6822,5.96572
regX3,19.7847,71.0308,28.062,20.2521
relA,48.8913,25.4713,18.7799,21.4646
rfbA,0.643793,0,0.266525,0
rfbE,10.8804,0,6.58669,3.66807
rfe,146.86,25.1227,24.6577,55.2626
rhlE,7.07766,9.93394,4.65536,7.35955
rho,70.682,108.366,103.45,41.0097
ribA,28.2817,57.1513,28.2601,24.2222
ribD,93.7012,26.2063,40.7138,64.5738
ribE,27.1025,27.0222,22.5206,17.4257
ribF,11.3353,15.9128,6.9127,5.81044
ribH,159.225,115.003,195.519,94.1503
rimI,65.4125,0,55.8075,46.5326
rimJ,38.8765,38.0616,26.7502,19.2854
rimP,23.2363,29.5253,82.9713,11.1689
ripA,6.72042,10.2114,3.09027,57.8554
rmlB,13.1366,16.4485,7.99781,7.31097
rmlD,5.29827,2.07321,4.93729,3.38548
rnd,11.0916,50.2569,19.812,4.07184
rne,46.6743,17.7591,65.5247,35.9217
rnr,18.739,6.78476,6.51163,5.68966
rpfA,136.808,75.477,52.6843,15.4398
rpfB,24.4753,44.8528,24.0003,17.8352
rph,33.9149,11.8802,19.278,36.1508
rplA,76.2037,211.236,42.9621,152.056
rplB,170.761,103.477,117.955,183.311
rplC,325.485,149.465,179.761,332.697
rplD,255.869,178.9,142.141,296.158
rplE,357.755,474.038,702.726,178.697
rplI,804.616,422.85,291.326,257.281
rplK,514.34,386.01,806.456,644.54
rplL,1153.8,1626.73,1617.38,127.474
rplM,176.982,359.19,169.897,74.8352
rplN,1209.51,7144.54,7131.66,385.368
rplP,515.575,213.064,256.716,335.686
rplT,379.282,324.083,443.475,150.528
rplU,676.359,3682.12,1661.43,515.768
rplV,463.801,219.149,268.877,291.879
rplW,136.382,226.887,785.787,451.316
rpmB,573.089,879.556,1050.87,287.964
rpmC,948.09,421.579,917.59,719.212
rpmE,605.94,1096.81,1218.77,776.097
rpmF,13281,10523.7,10678.9,3888.47
rpoA,131.369,150.83,146.948,223.861
rpoB,105.497,71.5939,60.3801,46.6273
rpoC,152.29,149.748,66.6206,58.5652
rpsB,782.875,526.4,472.183,402.354
rpsC,478.625,314.573,115.661,206.133
rpsG,121.111,255.757,220.187,96.8481
rpsJ,521.127,782.69,471.054,524.574
rpsK,40.3791,192.664,34.8467,90.7329
rpsL,128.723,311.456,542.295,155.109
rpsM,222.243,122.671,410.433,275.363
rpsO,1547.47,1126.18,2480.46,1038.94
rpsQ,244.762,609,691.178,380.903
rpsR,230.876,564.78,1871.86,287.536
rpsS,435.078,524.968,704.755,367.543
rrmA,115.952,49.977,63.2468,159.622
rsgA,7.90399,4.25477,11.9237,17.4699
rsmD,106.287,75.7363,98.7877,36.862
sbm,36.7302,16.5102,13.2936,9.22023
scpA,26.0126,25.7292,19.6643,11.0552
scpB,9.56149,12.4666,13.015,3.86206
scrB,11.081,8.80457,6.28205,17.1236
sdaA,302.398,56.3046,87.8613,3.54837
sdhA,169.014,89.0788,67.4229,25.1002
sdhC,106.335,91.1474,48.7619,13.4999
secA,127.039,60.9563,79.3011,119.852
secD,21.9244,41.2476,26.1411,20.2799
secE,79.4789,305.913,437.261,83.6856
secF,48.5826,68.2099,49.3911,27.4954
secY,119.121,75.2911,108.355,73.3916
senX3,19.6907,8.39079,12.1175,15.4329
sepF,220.349,154.254,245.495,284.534
serB,3.4194,3.30858,0.417257,1.64362
serC,6.19713,2.17927,6.26534,10.4957
sigA,19.759,44.2937,13.5661,25.7033
sigB,53.1083,22.285,42.0513,198.36
sigE,24.6711,31.8473,10.4124,30.0646
sigH,49.439,55.0505,29.4784,35.1827
sigM,6.63696,0,0,2.65054
slpA,84.1756,77.194,109.531,58.1708
smpB,60.5378,90.531,26.8248,20.7486
sodA,40.2256,23.1703,30.8114,90.2919
soj,70.5288,32.3464,22.6812,41.2095
spoU,52.1537,144.233,146.951,26.2285
sprX,73.4527,22.0199,32.611,27.1069
srtA,0.815212,3.3117,1.5222,4.69639
ssb1,1288.68,1866.98,2280.25,1162.29
sseB,35.6652,30.6387,20.0484,59.7935
sufB,12.0033,16.0466,9.7397,42.9754
sufC,40.8039,20.5806,87.0609,144.014
sufD,13.1814,9.39285,5.65239,35.704
sufR,22.2281,33.2084,16.7648,89.8681
tal,76.6917,48.0463,43.8694,76.2981
tatC,21.1663,15.94,3.32081,14.2753
tatD,43.7395,25.5028,47.5533,53.2022
tcsR,15.9028,34.4497,15.4898,62.7788
tcsR3,10.3392,8.77015,14.2037,8.99977
tcsR4,1878.41,1670.32,1288.21,1125.64
tcsS,6.06592,8.85155,3.45064,7.26088
tcsS3,11.8418,13.0906,9.19497,18.2905
tcsS4,462.786,260.265,302.188,306.558
tcsS5,13.5414,3.93246,4.86654,10.284
terC,20.8432,19.3832,13.6336,9.09066
tesB,27.1388,14.6076,9.61174,25.6348
tetR2,2.14069,19.5276,15.5788,19.7571
tetR3,5.9249,13.3749,4.87498,40.8988
thiL,10.0632,2.20004,5.51062,6.97382
thrA,9.14229,8.31437,9.36591,26.2446
thrB,47.2478,23.3123,38.9797,52.8597
thrS,214.329,127.115,100.028,179.074
thyA,8.35784,2.77915,2.55679,4.29438
thyX,41.5549,24.0648,26.8036,22.0162
tig,165.632,214.189,135.796,103.894
tilS,30.5046,16.2522,9.66324,35.5262
tlyA,152.155,69.4876,24.3982,8.32563
tlyC,5.68777,25.475,10.5075,7.4833
tmk,138.794,22.1067,53.5532,85.1574
tpiA,1125.81,99.563,467.846,650.154
trkA,15.6224,5.90469,5.65826,1.66146
troA,10.3902,1.56488,5.32213,4.98053
trpB,2.87221,1.71362,1.85599,3.91577
trpC,1.5969,0,0.54594,1.67363
trpC2,86.8005,47.7719,108.058,42.792
trpD,0,0,0,2.63778
trpE,2.77198,1.48681,1.4361,6.01983
trpG,2.57803,0,0,3.8233
trpS,52.0425,23.1635,36.12,48.6849
trxA,61.6312,34.8197,69.5793,84.6023
trxA1,896.378,1174.67,509.013,1261.77
trxB,11.0583,11.2978,21.2323,43.1431
tsf,59.5743,267.439,151.438,43.2741
udgA,10.2503,4.6972,15.2877,8.51223
ufaA,18.2933,29.6205,6.9171,10.1499
ung,12.4343,11.7544,16.2213,8.2564
upp,69.3894,56.7982,49.135,76.8815
uppP,18.937,65.7697,93.0957,16.5708
uppS2,50.36,31.2889,39.6919,8.18458
ureA,37.1605,0,70.5705,15.695
ureB,9.00027,0,13.8427,8.11809
ureC,2.58625,4.39921,0.966514,1.10743
ureD,38.8417,4.89013,15.3299,10.2142
ureE,93.8113,94.4415,38.8841,23.1531
ureF,45.3896,25.8435,17.9764,6.10061
uspA,23.3239,14.2954,86.1213,54.2987
uvrA,0.54734,0.573318,0.250227,0.126147
uvrC,12.3006,19.7836,4.69215,13.5832
uvrD,4.05876,5.38295,9.7111,3.31204
valS,93.6487,44.0378,34.7843,54.2531
vapI,631.872,1608.47,923.135,65.8453
wbbL,45.1198,49.4858,88.8182,47.7538
whiB,70.7839,27.3135,54.5369,4.7117
xerC,36.5115,10.0571,51.2191,51.2515
xerD,49.5908,41.1769,18.11,28.8677
xseA,7.829,10.6698,4.9868,8.46646
xseB,111.654,348.199,184.24,46.7787
yabJ,272.602,119.955,213.855,119.972
yceG,41.8394,55.0552,57.2795,50.1055
ychF,18.638,14.9711,16.6634,9.54323
ydiB,10.5722,25.742,0.684135,4.90749
ygbN,0.700537,0,0.795949,1.24324
yggT,0,0,0,0
yhcL,7.53238,2.91072,0.89061,0.329254
yihR,7.31461,5.41566,1.27486,6.05701
ykoE,42.832,16.8395,10.1734,5.87159
yngHB,547.979,232.57,899.277,451.878
yusR,61.3609,88.0407,17.9397,69.5672
ywlC,70.0569,84.791,34.5684,84.1872
yxlE,11.058,0,32.6842,0
yxlF,13.6074,14.1606,10.2141,8.12077
yxlG,6.6006,0,3.00818,4.47416
znuA,3.9685,7.00911,3.30625,8.80085
zwf,58.9721,73.9332,43.6832,134.609
