{"Barras":{"0":[21,136,9,75],"1":[39,146,9,65],"2":[57,136,9,75],"3":[75,174,9,37],"4":[93,196,9,15],"5":[111,19,9,192],"6":[129,89,9,122],"7":[147,161,9,50],"8":[165,31,9,180],"9":[183,187,9,24],"10":[201,34,9,177],"11":[219,51,9,160],"12":[237,60,9,151],"13":[255,183,9,28],"14":[273,191,9,20],"15":[291,144,9,67],"16":[309,159,9,52],"17":[327,154,9,57],"18":[345,201,9,10],"19":[363,188,9,23],"20":[381,71,9,140]},"xAxis":{"0":211,"1":211,"2":211,"3":211,"4":211,"5":211,"6":211,"7":211,"8":211,"9":211,"10":211,"11":211,"12":211,"13":211,"14":211,"15":211,"16":211,"17":211,"18":211,"19":211,"20":211},"OCRStatus":{"0":"total","1":"total","2":"total","3":"total","4":"total","5":"total","6":"total","7":"total","8":"total","9":"total","10":"total","11":"total","12":"total","13":"total","14":"total","15":"total","16":"total","17":"total","18":"total","19":"total","20":"total"},"ponto":{"0":"Found by Function","1":"Found by Function","2":"Found by Function","3":"Found by Function","4":"Found by Function","5":"Found by Function","6":"Found by Function","7":"Found by Function","8":"Found by Function","9":"Found by Function","10":"Found by Function","11":"Found by Function","12":"Found by Function","13":"Found by Function","14":"Found by Function","15":"Found by Function","16":"Found by Function","17":"Found by Function","18":"Found by Function","19":"Found by Function","20":"Found by Function"},"ValorBarras":{"0":1.0714285714,"1":0.9285714286,"2":1.0714285714,"3":0.5285714286,"4":0.2142857143,"5":2.7428571429,"6":1.7428571429,"7":0.7142857143,"8":2.5714285714,"9":0.3428571429,"10":2.5285714286,"11":2.2857142857,"12":2.1571428571,"13":0.4,"14":0.2857142857,"15":0.9571428571,"16":0.7428571429,"17":0.8142857143,"18":0.1428571429,"19":0.3285714286,"20":2.0}}