{"Barras":{"0":[69,29,24,200],"1":[116,163,24,66],"2":[163,229,24,0],"3":[210,229,24,0],"4":[257,163,24,66],"5":[304,229,24,0],"6":[351,163,24,66]},"xAxis":{"0":229,"1":229,"2":229,"3":229,"4":229,"5":229,"6":229},"OCRStatus":{"0":"total","1":"total","2":"total","3":"total","4":"total","5":"total","6":"total"},"ponto":{"0":"Found by OCR","1":"Found by OCR","2":"Found by OCR","3":"Found by OCR","4":"Found by OCR","5":"Found by OCR","6":"Found by OCR"},"ValorBarras":{"0":3.0769230769,"1":1.0153846154,"2":0.0,"3":0.0,"4":1.0153846154,"5":0.0,"6":1.0153846154}}