{"Barras":{"0":[53,187,21,42],"1":[79,183,21,46],"2":[105,39,21,190],"3":[131,91,21,138],"4":[157,101,21,128],"5":[183,215,21,14],"6":[209,129,21,100],"7":[235,137,21,92],"8":[261,43,21,186],"9":[287,49,21,180],"10":[313,45,21,184],"11":[339,163,21,66],"12":[365,199,21,30],"13":[391,205,21,24],"14":[417,153,21,76]},"xAxis":{"0":229,"1":229,"2":229,"3":229,"4":229,"5":229,"6":229,"7":229,"8":229,"9":229,"10":229,"11":229,"12":229,"13":229,"14":229},"OCRStatus":{"0":"total","1":"total","2":"total","3":"total","4":"total","5":"total","6":"total","7":"total","8":"total","9":"total","10":"total","11":"total","12":"total","13":"total","14":"total"},"ponto":{"0":"Found by Function","1":"Found by Function","2":"Found by Function","3":"Found by Function","4":"Found by Function","5":"Found by Function","6":"Found by Function","7":"Found by Function","8":"Found by Function","9":"Found by Function","10":"Found by Function","11":"Found by Function","12":"Found by Function","13":"Found by Function","14":"Found by Function"},"ValorBarras":{"0":0.21,"1":0.23,"2":0.95,"3":0.69,"4":0.64,"5":0.07,"6":0.5,"7":0.46,"8":0.93,"9":0.9,"10":0.92,"11":0.33,"12":0.15,"13":0.12,"14":0.38}}