{"Barras":{"0":[8,23,17,188],"1":[26,151,17,60],"2":[44,173,17,38],"3":[62,81,17,130],"4":[80,123,17,88],"5":[98,89,17,122],"6":[116,19,17,192],"7":[134,69,17,142],"8":[152,37,17,174],"9":[170,159,17,52],"10":[188,101,17,110],"11":[206,31,17,180],"12":[224,85,17,126],"13":[242,85,17,126],"14":[260,73,17,138],"15":[278,89,17,122],"16":[296,29,17,182],"17":[314,191,17,20],"18":[332,57,17,154],"19":[350,127,17,84],"20":[368,173,17,38],"21":[386,65,17,146]},"xAxis":{"0":211,"1":211,"2":211,"3":211,"4":211,"5":211,"6":211,"7":211,"8":211,"9":211,"10":211,"11":211,"12":211,"13":211,"14":211,"15":211,"16":211,"17":211,"18":211,"19":211,"20":211,"21":211},"OCRStatus":{"0":"total","1":"total","2":"total","3":"total","4":"total","5":"total","6":"total","7":"total","8":"total","9":"total","10":"total","11":"total","12":"total","13":"total","14":"total","15":"total","16":"total","17":"total","18":"total","19":"total","20":"total","21":"total"},"ponto":{"0":"Found by Function","1":"Found by Function","2":"Found by Function","3":"Found by Function","4":"Found by Function","5":"Found by Function","6":"Found by Function","7":"Found by Function","8":"Found by Function","9":"Found by Function","10":"Found by Function","11":"Found by Function","12":"Found by Function","13":"Found by Function","14":"Found by Function","15":"Found by Function","16":"Found by Function","17":"Found by Function","18":"Found by Function","19":"Found by Function","20":"Found by Function","21":"Found by Function"},"ValorBarras":{"0":0.94,"1":0.3,"2":0.19,"3":0.65,"4":0.44,"5":0.61,"6":0.96,"7":0.71,"8":0.87,"9":0.26,"10":0.55,"11":0.9,"12":0.63,"13":0.63,"14":0.69,"15":0.61,"16":0.91,"17":0.1,"18":0.77,"19":0.42,"20":0.19,"21":0.73}}