{"Barras":{"0":[16,184,18,27],"1":[36,127,18,84],"2":[56,99,18,112],"3":[76,140,18,71],"4":[96,60,18,151],"5":[116,173,18,38],"6":[136,151,18,60],"7":[156,20,18,191],"8":[176,160,18,51],"9":[196,135,18,76],"10":[216,184,18,27],"11":[236,183,18,28],"12":[256,116,18,95],"13":[276,44,18,167],"14":[296,200,18,11],"15":[316,167,18,44],"16":[336,180,18,31],"17":[356,196,18,15],"18":[376,58,18,153]},"xAxis":{"0":211,"1":211,"2":211,"3":211,"4":211,"5":211,"6":211,"7":211,"8":211,"9":211,"10":211,"11":211,"12":211,"13":211,"14":211,"15":211,"16":211,"17":211,"18":211},"OCRStatus":{"0":"total","1":"total","2":"total","3":"total","4":"total","5":"total","6":"total","7":"total","8":"total","9":"total","10":"total","11":"total","12":"total","13":"total","14":"total","15":"total","16":"total","17":"total","18":"total"},"ponto":{"0":"Found by Function","1":"Found by Function","2":"Found by Function","3":"Found by Function","4":"Found by Function","5":"Found by Function","6":"Found by Function","7":"Found by Function","8":"Found by Function","9":"Found by Function","10":"Found by Function","11":"Found by Function","12":"Found by Function","13":"Found by Function","14":"Found by Function","15":"Found by Function","16":"Found by Function","17":"Found by Function","18":"Found by Function"},"ValorBarras":{"0":0.36,"1":1.12,"2":1.4933333333,"3":0.9466666667,"4":2.0133333333,"5":0.5066666667,"6":0.8,"7":2.5466666667,"8":0.68,"9":1.0133333333,"10":0.36,"11":0.3733333333,"12":1.2666666667,"13":2.2266666667,"14":0.1466666667,"15":0.5866666667,"16":0.4133333333,"17":0.2,"18":2.04}}