{"Barras":{"0":[16,62,34,167],"1":[59,229,34,0],"2":[102,181,34,48],"3":[145,184,34,45],"4":[188,158,34,71],"5":[231,52,34,177],"6":[274,210,34,19],"7":[317,179,34,50],"8":[360,204,34,25]},"xAxis":{"0":229,"1":229,"2":229,"3":229,"4":229,"5":229,"6":229,"7":229,"8":229},"OCRStatus":{"0":"fault","1":"fault","2":"fault","3":"fault","4":"fault","5":"fault","6":"fault","7":"fault","8":"fault"},"ponto":{"0":"Not Found","1":"Not Found","2":"Not Found","3":"Not Found","4":"Not Found","5":"Not Found","6":"Not Found","7":"Not Found","8":"Not Found"},"ValorBarras":{"0":167,"1":0,"2":48,"3":45,"4":71,"5":177,"6":19,"7":50,"8":25}}