{"Barras":{"0":[65,73,19,156],"1":[103,49,19,180],"2":[141,139,19,90],"3":[179,113,19,116],"4":[217,117,19,112],"5":[255,45,19,184],"6":[293,53,19,176],"7":[331,57,19,172],"8":[369,51,19,178],"9":[407,217,19,12]},"xAxis":{"0":229,"1":229,"2":229,"3":229,"4":229,"5":229,"6":229,"7":229,"8":229,"9":229},"OCRStatus":{"0":"total","1":"total","2":"total","3":"total","4":"total","5":"total","6":"total","7":"total","8":"total","9":"total"},"ponto":{"0":"Found by OCR","1":"Found by OCR","2":"Found by OCR","3":"Found by OCR","4":"Found by OCR","5":"Found by OCR","6":"Found by OCR","7":"Found by OCR","8":"Found by OCR","9":"Found by OCR"},"ValorBarras":{"0":0.78,"1":0.9,"2":0.45,"3":0.58,"4":0.56,"5":0.92,"6":0.88,"7":0.86,"8":0.89,"9":0.06}}