Genes,Control,Osmoses_2M,Thermal_50C,Acid_PH
abgB,2.92229491300318,2.15366592285613,2.47694672967567,2.62144707900965
abgT,1.66071873514313,1.58526543487277,2.09516153042342,0.651480215621163
accBC,5.59130840418514,4.6552144225416,4.40398343787491,5.82764375700345
aceE,5.61288028938622,4.70507109573393,4.40829067388267,5.35444158152943
aceF,5.83950111643416,5.12175728607428,4.86065496359887,5.86991334437748
ackA,7.37529144641966,5.97064892065186,5.78174787742141,7.27414049960916
acnA,3.91779453182353,3.49551609361626,2.97351392934905,4.99999098312782
acp,2.65454781738013,6.31826621956825,5.20958593151491,2.53279570002643
acsA,3.18411522415748,3.44790974874208,2.31178209478606,2.69200307625908
actP,1.07769419790833,0,0.749022744286454,0
acyP,5.22570680984312,0,5.99114085625814,5.9341413898559
add,4.03515759756545,3.67795919015958,2.29803653251084,2.16457713011673
adk,6.72647703769353,6.18613405324305,5.8731709281883,5.83778181243568
aftA,2.41027868417808,2.53565237240303,1.83471930490479,2.7250103549041
ahcY,6.40261986409519,3.83819543925919,4.29013683889035,5.11690533331779
ahpD,6.2957432250674,5.18540671207923,6.8059888677126,8.90802927408625
alaS,6.70021774798281,6.20735017759129,5.42967956188527,6.5373690698378
ald,4.36094713682254,2.84418275346791,1.622981874823,4.53579791867145
alr,4.69540926963035,5.35600996023811,4.55785730165112,5.25091232102357
amiB,3.42519340757369,4.27182155609929,1.922003699589,2.74691251047599
amtR,3.69954052799266,0,3.71635443226706,3.75468444190499
aniA,5.39431520205067,3.81977035374832,2.56877637259476,3.33592195462824
ansA,6.21836271004447,4.91417222548897,3.28274224996017,3.0745277000042
ansP,5.6033770969612,3.66771049994552,3.72415910434467,4.21943186089029
araJ,3.32624682407479,3.83900217470307,2.95319072734037,1.87096436150227
arc,3.70956635383999,3.40337817018924,2.33061576251032,2.96686601571664
arcB,2.35178378355484,0,1.11444698735718,3.24963344047928
argB,6.06465870611981,5.53980090018798,6.44420157419895,4.99818647499584
argC,3.92481250360578,3.44477174058701,3.18681112200499,3.87680177397827
argD,5.23893585906051,5.20951965009458,4.3875279780291,4.12774056998991
argF,4.52645072464355,5.18961505644408,3.12373902456258,4.1861281091612
argG,7.77465530061292,5.83794576408295,7.12990118236507,6.56384452881757
argJ,6.28671114809054,4.91003224763979,3.88437324550072,5.31200073617622
argR,6.52874945695676,5.90968431279239,6.90901700295365,7.3234691518566
aroA,3.99176218075067,2.91342752271426,2.70425891009996,3.99042849827246
aroB,5.11643961784547,4.11352548510775,4.46135174777575,4.16290285347675
aroE1,4.87959305132923,5.16256857045341,3.65986748864067,4.51935318953652
aroK,4.96672576871781,4.91909214262461,4.23913068130935,4.22929566280099
aroP1,3.86622552780585,2.55019391566545,2.01676729005577,2.30381873255915
aroQ,5.46102426147563,6.34002454061528,3.07806496415853,4.97075244131671
aspB,6.80942730700881,5.28906718406091,5.96425306145826,6.63588640982359
aspC,5.34069399972615,4.85562100575049,3.51757806048208,3.86075427214971
aspS,7.05821907141779,5.84641809528408,5.44409387657208,6.74978899616301
atpA,6.98777561614291,6.84924870276441,7.29945531634078,4.8715726250099
atpC,7.9293235134057,6.75851638854748,7.92617144019241,4.63348352308715
atpD,7.98230913012977,7.7174502346172,7.2254195469368,4.66100275257196
atpE,9.26500314841132,9.57525748726328,8.77487599011614,5.32378437003164
atpF,8.57263202130125,8.65393061807723,8.59108470321827,5.44550159570351
atpH,7.57204077457974,7.43850910653659,7.19404764229479,3.36261856915313
atrC,4.75977902015923,4.02839234049965,3.33988989908472,2.88704364214761
azlC,5.17589979671913,3.07744810686934,0.619744475429918,3.18906071648115
azlD,4.19030669418515,0,4.71955584215859,3.89463347452436
azoR,2.75165866678316,3.5140843770902,0.803911430805695,2.84262490081356
bca,3.61290682124798,4.36618230976152,2.15749650299733,1.83834270213348
bcp,9.20746585455623,7.85349670370232,7.31715028172653,8.43675734125282
betA,1.91178743882337,3.51222688651396,2.59904160781698,4.5111833686246
betP,7.14155540825702,7.31244735895228,6.01661220152194,7.44032104696727
betT,3.41669924791465,3.29613432498001,2.95566060057586,5.83090684432985
bioA,2.0641723631414,0,0.881693590381702,1.79204738347871
bioB,0,0,1.46468917547572,0
bioD,4.14414428677165,6.51888129390526,3.76799371761187,4.62249700892552
bioD1,4.03754036504495,1.70869931842536,3.10261278400833,3.31218012811678
bioF,2.59613130157974,1.07744810686933,1.04664471597092,0.912859069248045
bioY,3.05359794668829,5.32651577658154,4.18600129624721,4.18099915655533
birA,3.1831275825494,0,3.9813503618906,4.22271956686723
bla,6.1119932057945,3.26680602631451,5.48365457328164,5.57994945275776
brnQ,4.04574000674682,2.25933878168337,2.27894820530064,2.93690360596984
carA,3.9029514743512,2.52068624699232,2.52421917346878,3.17738046758413
carB,5.18668674583538,3.9980600748595,4.26095151481219,4.81178440246714
carD,6.80343371146442,6.81299871774955,7.22241818351787,6.4247743185813
cat1,5.36319911756668,4.30132425024035,3.86073441098641,4.78988050214615
cbiQ,2.88619308733135,3.52663225437769,1.2514767297754,0.596118417397958
cbs,2.61843366470897,2.16750565831317,1.67749922186894,3.76718865405582
cca,4.52132090274754,3.12270418944045,2.83022489580178,3.65856568517837
ccdA,5.23668394455901,5.76542866194505,4.34976864357702,5.20762349219596
ccsA,6.26125247913341,5.89349569756808,4.85098439780858,6.10400950000978
cfp30B,5.89882023119444,5.20153584866641,5.84920866210356,5.67756743721258
cfp6,5.52792421130121,3.3225771616267,4.65300840944318,1.62017817556533
chrA,4.14236442135451,3.09947868597129,3.33525885352448,3.7146741405146
chrS,0.840765337323874,0,0.388924614493084,0.660218546043368
cinA,6.97388674795277,5.08657573543974,6.93566010820293,4.59925232337834
citE,4.52212481803968,3.82575510467983,3.70986407023266,3.16950976611882
ciuA,6.06438278696318,4.81818590116784,4.6745566924412,6.2177910091101
ciuB,3.66447146259867,3.9805828882752,3.42683635130245,5.02233230009806
ciuC,4.07030345063069,4.74274462134431,3.25383349514948,3.85580038098029
ciuE,2.06735648270234,1.51189304290322,1.38851469251688,1.28934463279474
clpP1,8.94718104734379,6.76844901518055,6.74573482013789,8.12203591250777
clpP2,8.72935223115068,8.57052364923656,8.07508332342959,9.49488957690528
clpS,8.77682778665393,9.23069777875915,8.67767031789048,7.82800315968019
clpX,3.42304832360768,4.27496233518384,3.66131636147715,3.02556217402301
cmtB,8.61342483177538,7.67672579512091,8.71423864767338,7.89413868819967
cmtR,4.82990028662661,0,1.91601414355627,4.44549497435862
coaA,2.36134727802076,3.59576620519992,3.05333902096247,2.50966290909828
coaBC,4.79739695347124,2.93507497782277,3.61696927757525,3.9019770747426
coaD,5.83732012539535,6.43399930903535,5.0569692936694,4.25124947763804
cobB,7.88614771682433,6.11421708349569,6.16648849986292,6.60558915131111
cobF,6.31135597574026,6.04847597540506,6.25471496797692,7.30015118677669
cobH,6.11517893713145,2.42061713897869,4.54649322686802,3.67122542606018
cobJ,5.12632452172396,4.26602939556086,3.80333037765061,3.26819482282843
cobK,4.51702367206458,3.21415434298773,3.1817243503215,3.26584942144085
cobL,4.89804385073818,4.26333493599651,4.35642555908681,3.36505838459799
cobM,5.99127013193805,4.9664950696552,4.94406661990715,3.23338806008068
cobN,2.01011740733349,1.98598853241216,0.948705495151634,1.45395999930766
cobO,8.25678895281575,6.938768021267,7.42397307654485,7.12301430393047
cobQ,4.10228859287717,2.52544751754234,3.65973051200106,3.60225494765588
cobS,4.28705112745626,3.04340050359786,2.41833569461951,3.59148793839794
cobT,5.48012937823192,4.63272771049605,4.45557710139379,3.75875088471647
cobU,3.62366790413957,4.89774382862452,3.58978745181984,1.64752174534649
comE,0,0,0.04367276640059,0.05842678047531
corA,5.25085170024181,5.88958548820784,4.62165923582231,4.52521696940832
Cp258_0007,5.23760960483478,6.46553538755289,5.39885995778684,5.35523831951913
Cp258_0017,4.17204740719801,4.0092127868052,4.96289600533726,3.44640446249846
Cp258_0020,7.38377340195843,5.80210789374434,6.06520823158292,7.18542058850237
Cp258_0036,8.38447726623856,0,7.57216965669639,7.05746110318709
Cp258_0043,6.48122627532281,5.3033314339384,5.40933322718188,6.26783726436467
Cp258_0044,2.05690255064828,2.58519331346317,2.09063667125138,2.39261967007681
Cp258_0045,0.662592901279662,0,0.557839415853241,1.33607196755598
Cp258_0048,8.21695921580219,11.9480349938162,10.1702881341765,7.22776032601814
Cp258_0050,12.3080346439907,8.88535777303793,11.6064607354924,10.3747786797649
Cp258_0051,9.77554114825125,8.27489526411144,8.5977806894277,8.36955808873664
Cp258_0069,9.53524232258218,10.5415129035173,9.7096283831551,7.68959969069861
Cp258_0070,1.01163160071362,2.609575323166,0.431017408813544,0.566407002291775
Cp258_0075,6.0019215617277,4.41827092013782,3.10410849465055,5.01714691920968
Cp258_0086,3.91865337546015,4.23263006082455,3.42502148835525,2.87026804344584
Cp258_0088,4.8048486399406,3.86902251233687,2.54779281712543,3.2584088716758
Cp258_0094,3.91093408797295,0,3.56919941253442,1.70794879081671
Cp258_0101,8.01795530332928,6.55130990361368,7.27025794441583,7.00670195786894
Cp258_0105,3.13281041862481,2.94154581513938,2.74686952636557,3.22527955784025
Cp258_0108,4.02716290019495,2.49587165175363,2.65448366043022,5.5662702358979
Cp258_0110,5.90514869243278,5.42533844848065,6.29219645574448,6.29678959279208
Cp258_0111,6.26758448633213,5.89226229485517,5.57858856051093,6.15475331287238
Cp258_0115,6.02067998267204,6.67925488074983,5.34863256145409,5.89088682749485
Cp258_0117,6.86240179628129,0,7.27861671751473,5.44281082813601
Cp258_0118,8.46197458528846,6.85107437691762,7.2067408901316,7.74543903713405
Cp258_0119,7.32607888311202,6.16722142408761,4.79961578288255,6.4561572504278
Cp258_0120,5.64836764937919,4.57388345205841,4.62434073882928,5.51961109390923
Cp258_0121,4.78806444549851,5.0695217325516,4.58323022709992,0
Cp258_0155,3.04519306371209,3.11960186252396,2.54722030243839,4.20477457435922
Cp258_0165,7.29176009196886,0,0,0
Cp258_0177,2.30116326211979,1.96811287627241,2.04522627063906,1.81257626224298
Cp258_0180,3.14150309280518,0,2.95668304762996,1.1432431981703
Cp258_0186,4.28061489497908,3.26743691838466,2.20148331122351,2.69498713765683
Cp258_0188,2.39161101629086,3.49258387670166,2.83979233800716,0
Cp258_0189,2.06811013130874,0,0.968154173922008,0
Cp258_0202,5.17157514169996,4.50749021528257,4.45183751766895,5.27986126090461
Cp258_0203,2.91809804832207,3.00808166121905,2.98986562286629,3.25971238545016
Cp258_0218,7.51113591805453,8.27931806616236,7.85610178079431,7.77674884445272
Cp258_0219,2.65253238508424,2.77356387363183,3.02069064885188,2.3760152669508
Cp258_0223,0,4.43872532908303,1.7967472483794,0.734353684452328
Cp258_0228,1.05007674942478,0,0.368332541885975,0.908200352709964
Cp258_0234,5.42448881165573,7.88113843885625,6.53728674732533,4.85103938570873
Cp258_0240,2.41461995898561,2.90770789125312,2.12696294760395,2.50828412223922
Cp258_0241,2.36812856123847,1.61951161291054,1.61947405091941,3.25113735339637
Cp258_0243,13.2251411461747,11.4960798060404,11.0149480175352,11.4769891636977
Cp258_0249,7.50160633522729,7.37683733393244,7.07409863629004,7.82025556365805
Cp258_0251,5.36449889499487,0,6.19600500875406,3.33103443952918
Cp258_0253,2.15747063294801,3.70533656135594,3.55856153180046,3.64701511638426
Cp258_0257,3.1879703941006,3.89050506081977,3.20108647411057,1.26481263336918
Cp258_0258,7.41038350826107,8.34956432095686,8.03964289792889,6.12023165546314
Cp258_0265,0.651459090925153,0,0.991324288200992,0.961919615198884
Cp258_0267,5.51249870966358,5.99459103765195,4.38099258892232,3.73561965339812
Cp258_0273,3.22308423380965,2.96902152009891,3.04192456120933,2.24613746153119
Cp258_0274,5.03297360363011,6.63947384652761,4.66110539571834,0
Cp258_0279,4.96344175545381,5.77164528535584,3.98582827828741,4.02591469875079
Cp258_0289,3.55250003679201,4.11482508286957,3.88425600961487,2.32370151935506
Cp258_0290,1.88641357743539,0,1.36579330399554,1.49236083562719
Cp258_0291,3.97278454248179,3.94055204428415,2.28502632934386,3.76138102427971
Cp258_0292,2.8543727339393,4.12788086060471,1.46421866154129,2.58699286685627
Cp258_0302,6.18217979553764,4.62134860889407,4.83300137579961,6.56666144097105
Cp258_0303,1.99020337446238,0,2.5747215762127,2.56607230965485
Cp258_0306,0.386892595735721,1.54454968043432,2.43402500498118,2.08787692016183
Cp258_0318,5.90513424798051,5.76598551813383,5.63682759853118,4.90056254229947
Cp258_0319,2.91860185925736,3.11116822833769,2.89231913224801,2.42189920426281
Cp258_0323,3.13857694846446,4.06357196912567,2.81848043433607,1.44981489691111
Cp258_0329,2.36139781427825,0,1.78488083516779,1.39977266110171
Cp258_0331,2.92499487722906,0,0,3.37717790124752
Cp258_0335,6.59711099738681,7.62363279110652,5.6003322039133,5.38199623660999
Cp258_0342,2.67266746811422,4.81501176601466,0.87072295670182,1.26956582759958
Cp258_0343,4.62013476448673,4.27564777179951,3.66010716647058,2.98035805083227
Cp258_0345,5.07681132239253,0,6.28941767558301,4.92874930641667
Cp258_0346,7.59708417343337,5.33431083288471,5.98430679871393,5.30309758905542
Cp258_0347,6.49226981470729,5.26760321214977,6.00057020268665,6.27103715991646
Cp258_0390,2.55597808113177,2.56833618213375,1.59312426022515,1.0844793201607
Cp258_0392,9.42834970318125,10.1619254619549,9.4189509914933,9.38473627094126
Cp258_0397,7.17277751350922,7.55226946751168,7.29638398590804,6.22675897595824
Cp258_0405,0.604610335322445,0,0,0
Cp258_0406,6.05557094565931,6.61688402468108,5.11160310074432,5.82497910035898
Cp258_0416,3.4240621254159,0,0,0
Cp258_0418,0,5.46621271799269,0,0
Cp258_0424,6.35355795705769,3.56154609859815,5.76071595614241,4.51929657020997
Cp258_0425,4.80324770527026,4.32329079792518,4.63225658081517,4.07459106387001
Cp258_0431,6.81598522720104,5.8135221240483,5.33749345850938,5.74030157327818
Cp258_0437,6.48244496891726,5.73535428634823,6.28590892274281,5.74149934555318
Cp258_0442,4.04218904626578,0,3.7609022061272,4.09200441794418
Cp258_0449,1.7229206203696,1.20310090040907,1.23970353548848,2.19080762804785
Cp258_0450,5.07532297163656,4.05677425668929,3.97063281676969,5.21966418017982
Cp258_0457,2.60058138385086,2.25768050094211,3.31726643738251,1.05050169744673
Cp258_0470,8.17141701828257,10.1577006175852,9.88007325387695,8.69834351378601
Cp258_0479,5.62377031227159,6.32591344035114,4.66793752797892,4.1951428344955
Cp258_0491,3.78129675818566,4.26016871361674,1.33999248424772,0.987710868464409
Cp258_0495,7.95017093261259,5.39256815512762,8.58166759297443,5.32044135319177
Cp258_0504,0,0,5.97434345716325,0
Cp258_0515,9.45125851389064,6.92639088629819,8.02758536204453,8.54375492043869
Cp258_0517,2.92913008445424,4.0787208332407,1.60087867830052,3.31622106175504
Cp258_0519,7.14639047567022,6.33330028355541,5.38644195002975,6.7899900186681
Cp258_0520,7.13088969643525,8.18753518239111,7.89895804947336,6.16544168035239
Cp258_0526,1.98891731679083,0,3.37635568103778,1.74856427896964
Cp258_0527,11.2055916733496,10.0304188499623,9.48881021130654,11.4004685511565
Cp258_0531,7.37536096007254,4.26028917221948,5.93403284877286,6.30740302278178
Cp258_0532,0.535831006629251,0,0.919771014875985,1.36526699977291
Cp258_0536,5.10572835681769,3.28696687916745,3.3304494050358,4.05562950834604
Cp258_0541,0,0,0,0
Cp258_0542,2.68888754230612,1.88776699938796,2.14520789158817,2.52604376466126
Cp258_0545,8.36793450835864,7.14582008748492,7.55347570543078,6.89848651135527
Cp258_0546,6.4425073048628,5.14667965780414,5.10740331903071,5.02314000306714
Cp258_0553,2.0667952922222,0,0,1.57828180531538
Cp258_0554,0,0,2.44280021419194,3.65070712584629
Cp258_0555,5.64579387007999,5.87092196080569,5.55473618322246,6.24001087346455
Cp258_0559,5.86755551289301,5.93418150079834,4.44640843280533,5.33220666218463
Cp258_0561,7.57363204100918,6.86122341261626,8.37313486020005,6.3022258175168
Cp258_0565,1.76082558047327,0,2.47391156754643,1.48195503256322
Cp258_0566,0.885673534045576,1.46599013169546,1.88096365553837,0.336579324255037
Cp258_0567,0.868002389493234,1.46175379928489,0.384044279217364,0.770676841604065
Cp258_0573,7.27714789023863,0,9.26012918594607,5.88909140163906
Cp258_0574,9.05510344343435,6.51816214277074,7.00243249603972,6.20935003377017
Cp258_0575,3.61893164066052,3.50897368038245,4.7214765647789,4.19718916612775
Cp258_0584,0.89447166896422,0,0.945544031434464,1.24618307616387
Cp258_0593,7.19314091914488,8.55067368698266,6.73726762682245,8.65147869442377
Cp258_0597,1.44365969075949,2.349031176873,1.41831950127173,1.87305327071285
Cp258_0602,2.22076022249451,4.95131735739457,3.64500988439109,2.54477221515144
Cp258_0604,3.13031644077462,5.64644206584017,4.77233964970673,2.55864724069939
Cp258_0608,4.272247192639,3.61702806973957,4.2050092657706,5.33941178450975
Cp258_0613,0,0,0,7.40932304300887
Cp258_0619,3.3527260442659,2.75997178056775,3.02584561777635,3.54837496974439
Cp258_0623,1.61437062368955,0,0.694605664705748,0
Cp258_0633,0,0,0,3.44297002792735
Cp258_0634,10.3848377017787,9.47731507044613,8.53925188520509,9.74619182008013
Cp258_0636,7.14621734595096,7.62235204454407,8.70664451044713,7.1739369229281
Cp258_0643,6.99705525135858,5.53807560764152,6.43839432909583,6.53853661167647
Cp258_0649,5.28734669657698,5.03096281705083,5.0363538694723,4.62517695668051
Cp258_0650,5.34366009420055,5.55353560688512,5.65165735239453,3.59301905559221
Cp258_0670,0.785147084734302,0,0.95339339009358,1.01948131288556
Cp258_0675,6.70716583941436,5.68852727999268,5.73460666366668,6.65875417682123
Cp258_0677,4.11279186188777,0,4.13060968620825,3.52190504194692
Cp258_0678,3.06144269779404,2.6260419028133,1.37914405090342,2.77871742571696
Cp258_0681,5.12556018652925,5.88401173758352,5.24446849510288,6.03660443313969
Cp258_0689,6.36984508034633,7.01519200982591,6.55714966345746,8.03194651239909
Cp258_0696,3.75677779673902,6.81046881094046,6.01189812036949,5.61772163640245
Cp258_0697,13.4446266942027,13.264210929374,14.0968716026595,14.5748950427422
Cp258_0700,4.58015151574456,4.81260603837213,4.25630116903925,3.67709098993136
Cp258_0717,6.05327428226937,0,4.45702293137771,5.80494412344069
Cp258_0720,7.2240016741981,7.32176578256502,7.24718699307546,6.44069478817559
Cp258_0721,7.0029837420023,7.02923200313464,7.60723413087409,5.66567700672279
Cp258_0727,3.67870294616286,3.49687134920679,5.81589047168147,3.76886183526484
Cp258_0729,7.3353992877625,0,7.06838060890736,6.57450724686406
Cp258_0731,4.87740071023053,4.52237594972796,5.22121975515555,5.16499539585408
Cp258_0734,0.742782340200019,1.03605313561733,0.386306604688279,1.43735559395997
Cp258_0736,6.38863040809909,6.39111295676954,5.61403839305259,5.2895762911253
Cp258_0738,5.23324385608191,4.18456594832407,4.77061236127489,4.07617425672425
Cp258_0740,3.0019067036615,2.22681368302342,1.21881835815431,3.86727379684881
Cp258_0744,5.15906400881055,3.82189385618037,3.87294692766793,3.54259236953483
Cp258_0748,4.27863158406915,3.64167318410441,2.58104507889381,2.54424796744908
Cp258_0749,1.68856084860511,2.91231070548283,2.43853771630295,1.59957012422827
Cp258_0751,2.24720446613927,0,1.21755334742079,0
Cp258_0752,1.64729608714647,3.39535487455443,1.26119981490928,3.01424815817938
Cp258_0754,2.22795974275933,3.43354571693971,1.9958318092967,2.64006789691605
Cp258_0755,0.850171332107623,1.22563278245757,0.894096769090696,1.43804794528806
Cp258_0770,4.64360225310045,5.46133210069394,5.79173334048023,4.73471503878859
Cp258_0775,6.12316954315582,6.9810763110367,5.35716488816234,4.67760408048699
Cp258_0778,6.24400032056828,4.12634517381288,4.70451788541644,5.54685125553896
Cp258_0779,0.292581524594018,0,0.197757216615213,0.565064840159017
Cp258_0785,6.24450464860511,5.06442590281006,5.07536148281424,5.60031733501462
Cp258_0800,4.02319324232077,4.6561473814889,3.40626726216073,3.8648992665267
Cp258_0802,4.9220122655285,3.88848999412377,6.06559600592462,5.05960620442696
Cp258_0804,2.08879290196607,2.31901668599772,1.58446227973033,2.06535861422784
Cp258_0805,4.10925189346061,4.86620079528315,3.44389304044606,3.7476988936191
Cp258_0808,5.46312870179432,3.78700402245304,4.64008872619737,5.06924244484053
Cp258_0809,7.43759396009364,7.95482444404679,6.76455316772737,6.28698092089058
Cp258_0810,5.94648758365687,4.68784454874542,5.24239671858456,5.18837322889725
Cp258_0813,2.81050274360485,0,4.52364976960433,2.83868961825104
Cp258_0818,7.14715403533074,0,5.65496820393106,6.14070300227356
Cp258_0829,4.91481802521665,0,4.53752593558377,5.1987887916552
Cp258_0831,0,0,3.97771953500355,0
Cp258_0832,7.20422876921035,6.27024672961008,6.92101970579211,4.78685769601721
Cp258_0840,5.56795303415789,4.37905946589707,4.79050619889456,3.78830985108215
Cp258_0847,5.72803477681033,5.38963908236631,5.75131374507094,5.08672008645982
Cp258_0859,8.28135978900533,7.5358974290357,7.40991699958217,5.9609610922653
Cp258_0860,8.11043110823715,7.02124651432038,6.14223983020535,6.84175931459422
Cp258_0866,4.80248276108277,3.59642235798826,3.74957717246,4.21978806850578
Cp258_0872,5.01445349288645,2.4205120452993,4.17319940649336,3.5584023446207
Cp258_0880,6.47162807203739,5.49716524608381,6.27244130094367,5.3991232311051
Cp258_0881,7.61931762992507,6.67722632823532,6.97434575181936,6.94802842130835
Cp258_0891,5.03177011416067,5.68849371059915,4.70838039189783,5.89527111051282
Cp258_0892,4.13955135239879,4.51813223594503,3.78124429330452,3.15200002771483
Cp258_0900,7.35730566980143,6.56572968082116,6.13666922449155,7.22680713369534
Cp258_0901,3.63751751015526,4.32105500024986,4.19336962480878,4.45411665722808
Cp258_0904,1.91564709519642,0,1.57267627925595,1.72639965155635
Cp258_0923,4.73815712875877,3.78536222537443,3.96439863220318,3.54087041401895
Cp258_0936,3.35542792064347,3.12624769335765,2.39577848395973,2.39937073259013
Cp258_0937,0,0,6.2735419982179,0
Cp258_0940,4.69981811561486,4.52030909153663,4.53774955626611,5.08434069814302
Cp258_0941,6.61829739605437,0,0,0
Cp258_0953,1.46975576326468,1.55865948441216,1.22827074705624,1.7089288136173
Cp258_0955,4.59873440796459,3.56243782364959,3.71414658661422,4.62822533690085
Cp258_0972,9.55069292376296,9.23024865417157,10.1456901907948,8.11466894309956
Cp258_0976,5.91965233062251,6.39137077301916,5.10705592422588,6.20996016945326
Cp258_0982,3.68449336528059,5.84623754964785,4.72477030944289,4.49892099053915
Cp258_0983,4.91655307658739,5.18904964332786,4.64856898201813,4.04651725267669
Cp258_0997,3.41053784701197,0,2.71372660373825,2.28659731100837
Cp258_0998,4.47998069177009,4.07112766139071,2.98346063575344,4.23203903615301
Cp258_0999,4.26211740198927,4.00371915859759,3.56037257943562,4.46246464547476
Cp258_1007,1.82652204823204,0.829103467241778,1.33981010558121,2.0618383962716
Cp258_1012,7.69423250574077,6.14987309582486,7.38377340195843,5.88052635969657
Cp258_1014,3.70009564983695,3.112523329229,3.00281951523369,3.08772759392834
Cp258_1016,1.70930828326118,3.98883008492957,2.58158263834245,1.91525317901992
Cp258_1020,9.22621227294695,8.73420153955819,8.82685034123656,7.86011857926717
Cp258_1026,7.31820836394549,0,7.01783284999909,6.69623034672501
Cp258_1028,8.2725364791271,9.47635535781842,6.99232658306898,7.97635217845219
Cp258_1041,2.93378789345137,2.902799086938,2.36114792329631,3.16147335179641
Cp258_1065,3.78524712493702,0,4.25370190841353,2.45342539128353
Cp258_1071,4.10875025224452,0,7.11688454565411,5.99359058700739
Cp258_1079,0.524470943868357,1.92441918201355,0.914691566906321,1.27141372330903
Cp258_1080,3.86735288059039,2.02381599566685,1.88768122934299,2.03604258241376
Cp258_1089,2.2797773344267,3.27088022948958,2.49093204234485,1.28312762714094
Cp258_1091,5.65888839070698,5.41035128160303,5.24567439138089,5.31937587521343
Cp258_1092,5.56895630129227,3.28262068657005,4.90027753687456,4.85246833596492
Cp258_1095,5.07036785905546,3.60139939053183,3.78344617723403,3.94998307934069
Cp258_1096,7.31981660898937,7.76080642342386,6.36801049076821,5.25468473769119
Cp258_1097,6.09237448533852,5.83566390095511,5.73986969976882,5.44907269033239
Cp258_1098,6.5233157360024,0,6.09966130277403,6.03911645494695
Cp258_1100,1.36744934930199,2.23787571785705,0.995394788596175,1.05062010328503
Cp258_1101,3.4467987929614,3.99141753743757,2.74087360661564,2.3227040561045
Cp258_1102,8.26960360158853,8.39541845817123,7.8128575708008,8.43648252474791
Cp258_1109,2.56942546922958,3.21192644152605,2.57316120898997,3.33077636532034
Cp258_1111,4.82913412228041,4.9045467176961,4.86192559709003,4.60252220524038
Cp258_1112,4.71100474759684,5.46738056992517,5.15341218864229,4.26268120287791
Cp258_1117,6.0311746108217,6.33795187795659,5.49415316196346,7.17068622296477
Cp258_1125,6.21024857828868,4.38882324678002,3.87257269537109,5.96617895203724
Cp258_1128,5.88426333713685,6.35186150449982,6.31127967515808,5.3915718377149
Cp258_1143,12.4342633380972,13.4123316713249,11.9942119892348,10.975611558686
Cp258_1150,3.6044983741207,3.85590002424977,3.02400223717916,3.45094728061669
Cp258_1152,3.45471285490413,6.18968423514101,4.94288041084648,3.13048119273709
Cp258_1155,4.40951313571867,4.27796987407835,4.85912971890156,4.41439941647893
Cp258_1163,8.40737399708163,6.68105564711494,7.44960264104366,6.70655817952447
Cp258_1165,4.14713571463115,4.3711127430024,3.51273256301436,3.98276546258365
Cp258_1169,4.12380688380967,4.35038409009432,4.21222691104331,3.84614225256317
Cp258_1170,2.17050837347379,2.34482281708452,1.72403464872155,2.34832874679984
Cp258_1171,5.4511022873021,3.06835610030809,4.98102606273281,5.23950879058801
Cp258_1173,3.96743609012731,2.47285424743626,0.967623851729446,0.905407127389652
Cp258_1176,2.35871132475249,3.50755364243765,2.5203669284403,2.81806725276371
Cp258_1179,1.40028106328275,2.26763467097624,0.481187324719626,0.99912113107734
Cp258_1184,7.62227150248209,8.45852555120841,7.81312702117542,5.59023971342514
Cp258_1194,8.58412820146277,7.70204105292231,7.8082305782494,7.48398502206215
Cp258_1195,10.8767624907816,13.2715505674233,11.2541133133899,11.1599974409733
Cp258_1197,4.93801284919665,4.48312569774885,3.58277275226316,2.98359744141439
Cp258_1200,5.20815435544985,4.4527864987594,5.14333218939023,3.18986724621134
Cp258_1202,5.79351877706534,6.48837682547209,7.27890472974021,5.55130375050388
Cp258_1204,6.27336855422114,5.5810770246829,5.54866780730064,5.98918897390046
Cp258_1206,5.98481489623235,4.94004456266677,3.36194658019095,5.37229047890512
Cp258_1209,4.06807744695668,1.36848341312444,2.28030903383577,3.83321395141742
Cp258_1211,7.86385174739556,10.7633202743756,10.203984165856,7.9863881796303
Cp258_1213,8.74844781501901,8.44800889963321,8.28852006264218,9.38247488634533
Cp258_1214,6.30956184434754,6.63826212846249,6.76398248401541,5.38397034582833
Cp258_1218,6.56905810911063,6.37803469210242,6.85855298492917,6.67542077278402
Cp258_1222,6.00777632044116,7.4016475309123,6.62394292666903,4.78966666021149
Cp258_1226,3.58208626789781,6.88112619981759,7.70013450036789,6.81513989054657
Cp258_1228,8.12817996415769,8.30978555084807,9.22567982113212,8.19125172557601
Cp258_1230,2.25830182573804,4.04366821744421,1.8510153912464,2.6077848020684
Cp258_1235,2.92781682841494,2.18267640871679,1.92873793836315,3.00933283840721
Cp258_1237,3.55243855525354,3.53286550310632,2.89753474406979,3.00274211970023
Cp258_1245,5.08211071093954,6.40633597959804,6.23200064955468,3.69417817038162
Cp258_1247,10.1221420664157,0,10.2102573465731,8.58904435676777
Cp258_1255,0.57453558375706,2.86980035515117,0.242370802541612,0.539151861334536
Cp258_1257,3.11491001580809,2.94160215214891,1.56272354766663,3.17089128345137
Cp258_1259,6.99402525713359,6.65548779048834,5.75369812444847,5.48907403494007
Cp258_1264,5.80707923791663,5.93072787723652,3.78558193707678,4.76351780730691
Cp258_1265,3.90441665815967,4.8066076186108,3.00100052266843,3.8817527052022
Cp258_1266,3.64521745147884,6.88743997374979,5.5090877299257,5.10549370685002
Cp258_1270,6.65457588514858,0,5.04226347868082,6.11304825558858
Cp258_1278,5.99155812557341,7.85234847844177,5.14360974142055,6.16055116011761
Cp258_1282,4.20518134854425,4.58582185052714,3.69812955745389,4.42271067974663
Cp258_1283,6.43647003184467,5.06471474575096,5.46767401534171,6.09674466685235
Cp258_1293,7.11311703639072,5.06890293004875,5.50803559770854,5.46564802598228
Cp258_1295,5.03533358212758,4.86777788144474,4.76068402515917,3.89926265369611
Cp258_1301,3.42792256562266,2.23018456446277,1.86410490563338,1.33441953655152
Cp258_1303,4.71497080482976,0,4.20214341887621,3.6172749706701
Cp258_1305,3.62920505627586,2.85865939974829,3.72028941128468,2.71846465253278
Cp258_1306,6.4006642964842,5.73874622322944,5.53311165665519,4.0959919129246
Cp258_1311,4.91869630422396,4.05889657444077,2.84342112343906,4.93939585404685
Cp258_1314,4.49938670222364,4.56451230979655,4.75679914185496,4.89642202079744
Cp258_1321,5.77751177151486,4.8131603781972,3.53085731608892,5.16388914100218
Cp258_1323,8.38991522596867,0,0,8.07090984937649
Cp258_1324,7.35916094365421,7.74535835851637,8.44650437856562,5.30468625728788
Cp258_1326,6.30751231565275,6.08227467279496,6.02840339186559,4.82082228648155
Cp258_1332,0,0,2.45658539211669,0
Cp258_1334,1.39284494051064,0,1.04475780753606,0
Cp258_1336,7.84400268134319,8.72924685187005,7.81295380885465,6.15196837817796
Cp258_1345,5.91861283045471,6.17225147410923,5.5807424629378,5.28207649072799
Cp258_1354,5.80084814311602,5.14924716953643,3.04955061577364,3.13633906134221
Cp258_1357,7.45862807607339,7.68248200242471,8.28092384540601,6.79260811611981
Cp258_1358,5.70546098155309,5.03131578939746,3.38062556407212,3.57065722030529
Cp258_1360,2.77289278985146,3.56503656042457,2.35970669605208,2.30807832023752
Cp258_1365,2.74816922945869,1.21622513317416,1.38318171762561,2.20209168737927
Cp258_1368,0,0,6.24004141279271,0
Cp258_1369,4.19178371225046,5.49150680796359,2.86253073985041,3.97156194675835
Cp258_1373,6.74259912509114,4.55356939635191,4.58151997356402,5.66337877906524
Cp258_1379,5.48572950375181,4.29422372340175,3.58743700386665,6.40461535805574
Cp258_1380,6.58423195142081,6.43401432620213,6.87987727214213,6.20420333239365
Cp258_1384,2.89413868819967,2.28453486147236,1.38767134158591,0.800322188691601
Cp258_1386,7.08808858058443,6.89051965248577,5.30683821101211,6.47066538091569
Cp258_1391,2.80925390718276,0,2.35681146572062,2.9241436030099
Cp258_1392,9.94942550114827,0,10.4621750473874,9.66979745725032
Cp258_1393,6.27510019370779,4.77247689891397,5.71210599533906,6.36847503180288
Cp258_1399,5.25264272756275,4.45899874519077,5.16824488679101,4.02843654545548
Cp258_1402,3.59367645871834,1.71429388148921,1.90254442900899,2.59111687639589
Cp258_1407,7.70098062736728,8.6987706368764,8.59377952431479,6.0509913644651
Cp258_1412,5.40342793713595,2.82593416246698,3.28413060729556,3.97629947378959
Cp258_1429,5.67885503084845,5.76089422447813,4.56109391780154,6.15945360095852
Cp258_1434,6.87190523765919,7.31064004493026,6.44482440583371,5.93001344338652
Cp258_1437,6.71233439897319,5.7584017913282,6.20597891877535,5.17970610346772
Cp258_1442,6.20014923865341,5.1456326249922,6.76921634284375,5.79928939359548
Cp258_1443,7.08404299849021,4.77930700384868,6.10892584651183,5.11704252438644
Cp258_1444,0,9.12577248509424,0,0
Cp258_1454,5.40507677447481,3.59070979539971,5.17476592887641,4.21386049433553
Cp258_1460,5.94238313200461,8.06294197693406,6.23830728246115,6.88123634742788
Cp258_1473,3.31992568787515,2.53603548829844,1.51291456317395,2.29109074439792
Cp258_1476,4.11645625312989,3.90353965451724,2.14939920517558,3.97409790786915
Cp258_1477,8.16767906186135,8.1427656951127,6.50104418119871,9.465668430554
Cp258_1480,8.51844071867776,0,7.85177402293208,8.98763636411657
Cp258_1483,4.34315906032791,4.48895196729239,3.38164746167849,3.8255719544078
Cp258_1484,0,8.241754397086,4.63612575330327,7.27315218624355
Cp258_1488,1.44111160303957,1.68745491137894,0.281999663990576,1.34450470626629
Cp258_1490,9.02226515607521,0,5.44856732237216,8.29853460355918
Cp258_1491,4.15300271505391,3.83604530403814,3.27944603711677,3.73758942487772
Cp258_1493,5.07904097350941,3.3266178791083,3.73149825353514,4.05351106404132
Cp258_1494,2.89635323427768,4.03894531960791,4.52045367944857,3.82066914010272
Cp258_1499,3.91686831640967,0,2.4608395264104,2.40607129743357
Cp258_1506,6.0215530151677,5.57958144446975,6.19452836858297,4.79776007963183
Cp258_1508,2.55083172876654,4.10737820895803,2.25131311184488,2.9876282927707
Cp258_1509,8.47525110116278,8.3802229412305,7.77550493466287,8.07917541124087
Cp258_1514,3.18745263766536,3.17358480086604,3.42132160788302,3.12364633360427
Cp258_1517,4.82394802285334,2.93018096492806,3.30980046338148,4.40650265681287
Cp258_1519,7.58903686394126,7.05808916228559,7.05507632148685,6.46431048915896
Cp258_1523,9.11614118984745,7.45427461437747,7.59971204075936,7.60753745508928
Cp258_1525,4.74833241519593,4.26658417447094,4.63548741576486,4.06053166042833
Cp258_1542,0,0,4.80637046213109,6.45134465799207
Cp258_1546,1.54731656001887,0,1.34887259352226,1.25019152658984
Cp258_1554,3.06117653384052,4.09594973021583,3.34195017738577,2.51763852633272
Cp258_1560,10.5826594897907,0,10.8992285097963,8.96098367349893
Cp258_1563,3.72578477474226,3.1100407893761,1.30772577718182,2.26870386312376
Cp258_1568,5.32633600105029,5.14256456165849,5.5058433047678,4.23948205884398
Cp258_1569,3.70893763962644,0,4.15780367437574,3.68184277615131
Cp258_1571,2.69085285548369,0,2.30751595860586,2.77131726019936
Cp258_1577,2.43674285223529,2.62307789173206,3.06467939792941,0.730691250828563
Cp258_1578,4.98621522517438,3.53809113205962,4.83493364953189,3.4997183503928
Cp258_1580,6.80522795599007,7.5198406529191,6.68168819540893,4.80670556317249
Cp258_1583,1.99833272419054,0,2.10166352146553,4.91045925296099
Cp258_1585,2.52899881333007,2.35954365965279,1.93570866194586,1.0177936627382
Cp258_1591,3.71169312593866,3.22006677834776,3.15625259880097,2.15991653378918
Cp258_1594,6.20741851109687,4.32399687827371,6.42219094389464,6.16583759201098
Cp258_1598,3.95481048849177,2.88753111949341,3.16440174416851,4.13290581201151
Cp258_1606,2.7835907548562,3.48913185285272,1.60458376904387,3.45865497739126
Cp258_1613,3.27959312468508,4.29578178892526,3.62709316593501,3.01638934397952
Cp258_1619,6.07274466483598,5.45676344587641,6.09928047429571,6.26077843189343
Cp258_1621,0,0,6.62745654956856,0
Cp258_1623,1.48743489711005,1.0551401114967,0.435750191319162,0.82254171864784
Cp258_1626,0.330109746768579,0,0.257401722672289,0.268931375995676
Cp258_1628,4.521898762138,4.35767867471917,2.96022254904285,4.21268605702901
Cp258_1629,12.6499207780447,11.8554641898617,12.4746058849607,13.274745041543
Cp258_1632,6.38958746087603,4.52317927749307,6.07470879339362,5.96898236621659
Cp258_1637,2.81458118422216,3.2809859986088,1.12210281627103,1.42591578160539
Cp258_1649,8.23937894604839,9.20328437126088,10.0257763120646,8.55902904258622
Cp258_1657,1.85166709900704,0,0,1.53733583074725
Cp258_1658,6.00819553095553,5.22372372356402,5.11154885318579,5.00655386187848
Cp258_1661,5.44128427192704,0,5.48287086532752,4.3305584000308
Cp258_1662,6.58983687803454,7.26388887441607,6.85259817037907,6.92036476616089
Cp258_1663,6.63926834595768,6.402896091871,7.27317083993358,6.32399507748791
Cp258_1665,3.56571901995217,4.24847411537262,4.40725756548085,5.47847033284083
Cp258_1667,1.15211201280898,3.40530078915346,2.4639545837209,3.73412429562835
Cp258_1668,6.6154501394593,6.87325953417866,7.26295926351023,6.23444000625289
Cp258_1693,4.52118896760822,5.83209504738564,4.78804877989493,3.76506791656438
Cp258_1696,2.2689942350684,1.28576913463098,1.23533493656362,4.12036023550605
Cp258_1697,2.31308328544102,1.81033204392947,0.317438374008092,0.659118067377019
Cp258_1698,0,0,2.91379513613712,0
Cp258_1702,7.20987246614607,4.32451541106357,5.49223776372054,4.54350825640051
Cp258_1710,7.19314091914488,8.55067368698266,6.73726762682245,8.65147869442377
Cp258_1713,6.09473011674181,6.13810383867457,6.04557183947156,6.11682841746599
Cp258_1726,6.81185631429254,10.3282597842717,7.83611349131509,7.47091912537789
Cp258_1732,2.75159011748094,2.22888947699594,2.31483281402653,3.37760826888435
Cp258_1734,5.96448642967823,6.45911681446667,6.16178693199864,6.12060699413231
Cp258_1736,3.56750894174056,3.36598222277379,2.86158819420371,4.38844443209923
Cp258_1737,10.2157877846127,9.11334888690641,7.43815975549151,8.88972905799185
Cp258_1747,6.24562305672031,5.93974609891529,5.17996082711629,7.35463728140066
Cp258_1749,10.0585464987864,0,10.0905755960063,9.16476365542024
Cp258_1756,6.4611159651332,3.97916564408097,3.45224618327474,6.6861222954118
Cp258_1761,3.06713099987905,0,3.17095055331837,2.50593664821459
Cp258_1763,1.59607642371051,4.3406690786244,1.85840279738938,1.78230790827367
Cp258_1766,2.01640717384983,0,1.28280747487382,1.73748775526555
Cp258_1767,3.97576773645883,4.00839724661396,4.33671898743065,2.49191465000495
Cp258_1768,3.48888771701333,3.24106677715688,1.57398521564099,3.07080661860159
Cp258_1769,5.63534520211854,7.50880100488806,7.61594591019758,6.35398131775001
Cp258_1781,6.59947401768511,4.74942163652242,4.87024140704511,4.60614607806572
Cp258_1783,6.39470105187072,6.63917716379447,7.49112354940799,6.84737060090548
Cp258_1786,4.47666682821823,2.39488725179846,2.99416151736547,5.08081965901217
Cp258_1789,3.51856031668641,0,2.10757740351609,3.49383944144005
Cp258_1795,0.719502397473043,0,0.909048791185848,0.34113638443263
Cp258_1797,6.22737142258326,4.68790611973484,4.41292375586647,4.82964663487904
Cp258_1803,7.60880185180085,7.71834107478057,7.15569864357282,6.99975201547807
Cp258_1804,4.72770811778107,6.27739527853028,4.8148990070134,3.30358204434143
Cp258_1814,6.75650295015961,5.95675830827726,7.75387859877338,6.6719585121729
Cp258_1819,12.6797637723164,13.3896044531538,12.7457940534795,8.95447260656678
Cp258_1834,3.57787591868089,3.54113069740697,3.20182829826774,3.36781554854955
Cp258_1835,5.18774399748091,4.35223591946801,4.09084496390608,4.82631458649182
Cp258_1836,5.03255051297815,4.85572564401154,4.94743238947137,4.52572437720763
Cp258_1837,5.37458047703852,6.8829853431688,0,4.06208716419911
Cp258_1839,4.56110002929761,5.44097544569059,4.69631660227593,3.71779155992887
Cp258_1845,2.91617852035711,2.04969697684729,2.72645632913402,3.024718599436
Cp258_1850,4.27949358221343,3.57099716359681,2.88335492928509,4.52240733811552
Cp258_1851,5.73945389937949,5.51556423434461,5.79778082693779,6.59004355113312
Cp258_1855,10.3416411274671,0,9.14497427567949,6.33487571657124
Cp258_1856,10.5469812504278,11.6503023359289,10.2716381016308,9.49132401114313
Cp258_1866,0.517410758422683,1.94425126195828,0.492226481603769,1.87224959573312
Cp258_1868,7.07779843215069,7.43559525967806,6.29731799539459,4.06834406084368
Cp258_1869,6.83663110442824,6.30278512775298,5.8523884320559,4.65995879917581
Cp258_1878,5.84911105833678,4.56537783054262,5.88963659095506,5.74374653034775
Cp258_1880,4.00781443552187,4.41738672761878,4.16643426875721,5.1999314178256
Cp258_1884,3.13045153877231,3.60458139703093,2.10942742668615,3.40985659688359
Cp258_1896,3.58189351180245,2.51371054402519,3.72185384216347,2.50382446619791
Cp258_1907,0.869662979910285,1.86949637514179,0.338568177922046,0
Cp258_1916,5.06319228074168,4.83362383024816,3.93357263826102,5.35592893973893
Cp258_1917,4.16917139724051,0,3.48397051614313,4.43649501754297
Cp258_1919,5.65932521327939,5.01447581011551,5.68669660832919,4.65961064677211
Cp258_1926,5.87327430131466,5.05286362357598,4.58003691633032,2.64183269000528
Cp258_1928,2.47978155720055,2.44131349077122,2.33649192078862,4.88381140365092
Cp258_1932,4.8629075857564,4.85176403037758,3.21454293975978,3.07837414793208
Cp258_1940,0,1.83852020452255,1.47794667456467,1.35474552199915
Cp258_1942,3.61656942730662,2.85284981612451,2.06289191096087,2.86253470716209
Cp258_1945,3.738065229952,6.06380922363182,5.50595125242519,4.56407935462509
Cp258_1946,0,0,6.30497093706119,4.99989179381415
Cp258_1951,4.84404914561892,4.1467855409887,4.28676288924956,4.527051563335
Cp258_1955,2.06625799743404,2.20086840250836,2.23794911970857,2.50903704235289
Cp258_1956,2.35620861733595,1.17579922193148,1.07504651678571,2.21225804420274
Cp258_1958,3.05812770321523,0,2.57199225127014,3.46019211191006
Cp258_1959,6.96151915046142,5.20586165668496,4.52244500327917,7.12994238397696
Cp258_1964,2.62254152031762,3.498991175893,2.60616977230828,2.9155381097353
Cp258_1966,2.59817937728428,2.99476072854958,4.32385280830641,0
Cp258_1972,7.28619733159821,4.71900268148811,5.26813492392489,7.12132629311662
Cp258_1974,3.47130453638819,2.13338597258194,2.18203117564299,2.64081293528437
Cp258_1979,7.65194143757924,5.13790102983177,7.00582662461878,6.49327905648374
Cp258_1980,4.89553529531831,2.98931706201497,3.99105466603552,3.4794375327354
Cp258_1981,4.09889112580627,2.98980932324529,2.43438803644582,2.91429471046585
Cp258_1988,1.76471981786783,0,2.54461149907677,0
Cp258_1990,2.53956084815429,2.82230186394363,1.70015115027517,2.31354480992317
Cp258_1991,4.34867150742413,0,4.41505553285415,4.39631706968579
Cp258_1994,4.58440334804998,4.88370389592498,2.30047520135512,3.46915663199964
Cp258_1995,3.61077091967958,2.66111565963133,3.25018849409654,4.02071553629817
Cp258_1999,1.69511189663854,0,0.867963656443514,1.49185309632967
Cp258_2000,2.58738179427502,3.68803485058577,1.63808774260807,2.46663234009553
Cp258_2014,0.897970689807293,2.30241556862511,1.88881142528085,4.51058221272409
Cp258_2023,5.89180800103544,6.0262666946516,5.75809259993298,7.3488078100404
Cp258_2038,7.19314091914488,8.55067368698266,6.73726762682245,8.65147869442377
Cp258_2039,4.93135685387417,2.92619872449829,3.57428319627562,5.66752317491924
Cp258_2041,4.6663532624881,0,3.56933310625742,5.95140595454667
Cp258_2042,4.29370889805964,3.06216835000226,1.15550962698072,3.09076706936037
Cp258_2056,5.18145642096344,7.63934070865223,7.76728401398306,0
Cp258_2057,5.2480414059248,2.28171901882396,4.68052127915435,4.70564068067434
Cp258_2062,3.46021832866727,4.5982818239075,2.62794062700645,0.358087883882937
Cp258_2063,8.5465279533671,7.83929828467728,8.3096946174306,6.48861783459065
Cp258_2064,8.39174624293827,7.02666728988728,6.97706235784355,7.15463586237849
Cp258_2065,3.11079418330028,3.34560359533349,0,5.20153976929439
Cp258_2070,1.00692272730259,0,1.31903981556254,1.21449786790052
Cp258_2073,14.3464652546952,14.201143732053,14.4545242151737,12.7418924849774
Cp258_2075,3.83398301100712,2.68689714376307,3.09702078900647,6.76274744195315
Cp258_2076,6.83106651060507,3.69992913571056,3.95652136333312,7.84567821628702
Cp258_2079,4.64444468930567,3.93006550018596,1.57552533033818,2.35243368438139
Cp258_2084,2.20775232255303,2.99348778648625,2.52256803596142,4.09988428273055
Cp258_2093,4.61831501772568,3.38240441762724,5.2202138535041,4.91301384561574
Cp258_2094,6.94732718181614,5.19721669311005,7.36381061427063,6.37654044362459
Cp258_2095,5.79595132422731,5.46313524270081,4.40235381698201,5.54374332276107
Cp258_2096,3.22911566274767,4.43816641058752,3.70530338082441,3.0368162793406
Cp258_2101,3.55819415026373,3.87743997605323,3.86478043735743,4.11204117934548
Cp258_2109,8.34220803887955,0,0,8.35008170521756
Cp258_2112,5.10746190750075,0,4.10363191571534,5.33651548597006
Cp258_2120,2.29668939463838,3.33427793410789,2.18028792183917,2.15806552674862
Cp258_2121,2.82704260515952,2.86618595556601,1.51381916766989,1.34156454400059
Cp258_2122,3.15028020857757,2.3015057062212,1.69580678496362,2.09577929951456
Cp258_2124,0,0,0,8.98161294511835
cpaE,0,1.76453299857013,0,0
crtB,1.84089018827615,0,0.734851363130262,1.67923911412015
crtI2,2.13130302396758,0,1.12621299533496,1.44566844356334
csd,4.50401013681651,2.86335174084841,3.80589087448071,4.25544785853923
csdA,6.5573917086489,6.16066611340705,5.9862061217339,7.46845298636481
cseE,5.88042350491508,6.18353613850414,6.48820488102736,6.22857822128274
cskE,2.56045573512978,3.24227323208666,3.05032407046624,1.01344082021631
csm,5.83237865267558,7.00980622813458,6.53878800634691,6.85923658823856
cspA,13.8329691071195,14.5584506096565,14.4930235587828,12.7511862698718
cspB,7.53287796758663,6.59757437696043,6.84310449661493,6.95197238141436
cstS,2.25510488188179,0,1.84796484630893,1.61875079191363
ctaB,5.66554910759626,5.18329197174226,5.16771919860107,5.72627538907473
ctaC,7.29610862213753,6.88419494548435,7.4064261237481,7.36010085880605
ctaF,8.15926083664618,8.33833972617034,6.18411958923925,6.7108615236276
ctpA,5.41532262879263,4.3642572460396,5.09871430585374,3.87207028361659
cwlM,6.5124339192594,5.08952781120528,5.97985386716374,7.10072540626236
cyaA,2.21149508832153,2.04496059381953,2.32063486067524,1.40166869039815
cynT,7.48120205243452,4.23620175398786,5.20411723522453,6.37210760961161
cysA,5.33076632816848,3.13815914522947,4.89842120931309,5.7947329644631
cysE,4.91143753014564,4.92530637884596,4.75553389844455,4.71988435206313
cysK,7.83199754518968,6.52320751134709,5.10860390736079,6.01706226878024
cysQ,5.60935310713277,7.23095230067403,6.09737692961487,4.46129280572762
cysS,7.78293270482084,6.85072442663223,7.27543547027005,7.15005188203954
dacA,2.73322416676762,2.54131162866509,2.61426460094725,2.13065086759139
daK2,2.88342727104211,2.41256476613875,1.81699283600139,2.17713645295227
dapA,7.23594719953019,6.57903981893097,7.24530550174291,6.99510005047905
dapB,5.02329084251668,3.50280157774787,3.83558053453591,3.78402230621649
dapC,3.60023406634992,2.1588378759973,3.5806882023703,2.3624502505703
dapD,3.44779604733292,2.20023125635172,2.33549468948507,2.85942098136385
dapD1,1.34615130747247,2.17640894875272,1.40023187090102,1.57726687453915
dapE,4.90295147435119,2.9096617541196,3.33574906324051,3.61533389555191
dcp,5.42176189460808,3.08617402393854,2.98414271106852,4.87918622412291
dctA,4.61170355292603,3.64115293362024,3.4523885299131,4.26247074298588
dcuB,5.91011382021935,4.19345636574959,3.45404030507256,1.63328704990183
deaD1,6.81013458296702,9.0853741958874,8.40355319907779,6.64801668818068
deaD2,4.16421507148033,5.06717403367326,3.92731812233736,3.62820200213812
def,5.29903213627117,3.37979283324063,5.16093228586384,4.72594287980221
def1,6.88607453558049,3.99760855537632,4.36784629387483,5.47726284934917
deoA,7.52965699459479,4.76446824305413,4.84418476251406,5.69036121935202
deoC,0,3.01949376709767,2.02543637801671,0
deoD,4.41040216547092,4.73235061340293,2.6838356648545,3.94221420585132
deoR,5.15502867653984,5.17390295348961,5.96093561557739,6.19113029852409
desA3,0.768860988575306,0,0.975967619340692,2.38911521057964
dgoR,1.83888724246039,0,0.543505781814051,1.03456085011105
dhaL,5.20004523821653,2.58560676063208,1.58030470284911,3.48878491061479
dinB,2.26480662953207,2.55114683733661,3.11075744150352,3.11685544242174
dipZ,2.72168763356109,0,1.74195445406245,2.32449668951153
dnaA,3.57145838712323,4.23040286136887,2.67434087397361,3.90354929481754
dnaE,4.32034025687128,2.083706949366,2.64440546347122,3.27183649284068
dnaG,4.01505147530542,3.67687667831497,2.63857434814742,4.07906231366832
dnaN,5.1070056915489,5.16349470690048,5.52888382727464,5.78536484118674
dnaQ1,3.38398762032385,2.05067233806566,3.17691632591687,2.52804114980658
dnaQ2,2.68426443874236,4.43231138482051,2.77707248003022,2.53184304907917
dnaQ3,3.11835308063586,0,4.10317028955695,2.91886896035101
dnaX,4.30196070915086,4.27194104570058,4.3436281185134,5.2523210365962
dprE1,5.59221482357224,5.03784342409648,4.47688712558277,4.43849247269067
dps,8.32179734472458,6.48020209972523,7.43228298542693,10.8117760553267
dsbB,8.09113385667659,6.21533302277238,6.53505292778377,1.85301755557258
dsbD,5.63241945785817,4.09323901570177,6.6541275947892,6.18067699635012
dxr,4.10986198849144,4.38604525981396,3.72569753694686,3.80455957028215
dxs,6.03905063606509,4.50780098170142,4.45758115967356,4.605251335667
eccC3,0.348545177033669,0.635269620018724,0.198661358276595,0.145627897362272
echA,5.52675743399086,3.75802595517606,3.9064673429831,2.66500839534344
ectP,5.37741184280827,4.75436910748712,4.11260839777828,3.7251412719596
efp,5.56330458947008,6.25524389546378,6.28496194474043,6.3127014727958
emrB,5.00124378816619,3.85739384802808,3.82844879624433,4.33080934404193
engA,5.86684123094098,4.61232890583627,4.2060180040209,3.61848534945251
eno,10.3503867423128,9.01518364505905,8.57227578626563,9.91022747432203
entD,5.17529304871696,5.62278982183187,4.87350809416025,4.68147737679168
era,4.60062657655569,5.92783957895306,5.55583455666674,4.53399933005504
esxT,3.83954646621812,0,4.08042742768111,0
etfA,6.57043864302629,6.43644504571365,6.34204621394886,6.89067771940851
etfB,6.67506786130987,5.16018607227196,5.85778198898326,6.35533523770514
eutD,3.35989922393502,3.54039930563062,2.42827641439251,3.23398313260766
fbaA,9.30141617005881,8.97863038659462,8.29525006773047,8.28260196934544
fecB,7.66484545965037,4.97199870703493,6.27882669339678,6.5779046123352
fecCD,3.45628179591887,0,2.32745743429415,0
fecE,2.36164766198377,2.47772135887847,3.03559399988934,2.25955271180788
ffh,5.98821885963322,4.47202629519615,4.31431949075447,4.98295251717612
fhuC,5.34489239447693,6.0601554952546,4.63652602093038,3.23400459970942
fhuD,5.73636945762951,5.32642229610106,5.11772412897011,3.57173747711591
fhuG,4.54084562267557,4.19877700728981,4.86113158231135,3.64871852522091
fmt,5.0603241331511,6.28757572100293,5.17852343755603,5.3244037982179
fmu,4.30229711421276,4.64503871493917,3.93127647364754,4.01411422849337
folB,7.38292658257124,8.53989160712783,7.30096566123426,5.59732259109028
folC,5.26269999244679,5.12584944206569,3.71647516218174,5.02192827897588
folD,7.4015536746129,7.96061016921301,6.41286449485053,5.93358916117898
folE,5.2476351482473,6.72777073315818,6.28717490439503,5.66683326852059
folK,7.11296071164303,0,4.46316467641306,4.74683406351033
folP,3.93608195265114,2.92240148622619,2.09569492042901,2.94190633399104
folP1,4.95044975044543,5.2508933773029,3.47617427714516,3.19545154422017
fruK,6.9118353649106,5.65241478861129,5.02274508393664,6.08993028446356
ftsW,4.33856703700115,3.69801839878302,2.90854970234578,4.38087487414158
fusA,8.18033686029184,8.0812384187767,8.20217770956588,6.78404587023157
fxsA,6.77722243287894,5.87943621587429,6.29538691971911,6.96541490744932
galE,5.68295526882859,5.64460331231787,5.15766626368572,6.30508041432575
galT,2.32747180598541,2.90084362809178,1.66149879347498,2.19076022850844
galU,6.19358055392693,6.07947625030041,6.32764964381758,5.18738770708047
gap,8.49605483230829,8.53040633709907,7.03647036501126,7.64896868784548
gapA,1.76062122549706,1.39844340913532,1.78987111462886,1.46749339044779
gatA,6.13691525968976,4.58607414975546,4.76130123228929,5.16320082364442
gatB,8.15061044620011,6.82325258422879,7.31101259133759,7.06534611884589
gatC,6.74843439690919,8.61854334575272,7.99410447976469,5.212837776545
glbO,2.60235472961232,4.20768986078632,3.59111687639589,1.72638221185371
gldA,4.42380672525053,2.45471811824555,4.41136522819851,5.17385899185247
glf,6.35199044137799,7.01673030206309,5.96859537658326,5.56756370024894
glfT1,4.22206262477749,3.9246130060543,2.49393676612587,3.1613927289051
glgA,3.86331407228588,1.16781391687984,1.94063284895453,3.8326166355203
glgB,5.79552021004251,4.79753183957196,4.46374668648212,6.14607882721505
glgC,6.15345272425938,6.06209580120384,4.50615125173804,4.53081986991352
glgE,3.78282789207489,4.33240719166781,3.66028975142822,4.32117048109987
glgP,3.04279490209217,2.99749836317248,1.22985244384823,1.64852526646171
glgX,4.7945510314454,4.52221899754569,3.71606903048218,4.55213110825378
glk,5.95021643376242,5.72375240035699,6.27489712723889,5.44766845310514
glmS,4.57099716359681,4.32575337440642,3.58037465690412,4.67380514307375
glmU,3.54366909541645,3.97568520792576,2.68536160927412,3.21616458960488
glnD,4.26292920548492,3.13942037839333,2.89578343954835,3.88233980701141
glnE,3.61763936626303,3.1002123792428,2.24204757513261,3.36356079048528
glnH,3.56543876314111,2.90770981375581,2.35819931276352,2.74255385659735
glpF,4.21081743208921,3.53743275006849,2.58487112714171,4.07162539397377
glpQ,1.81611224105388,0,2.15251443820654,2.44081668992172
glpR,7.26132394893421,6.02418889799839,5.9874141014043,6.54128095869628
glpT,2.56922129053691,2.53032049467804,0.702968653290467,1.38007000169118
glpT1,4.66171540151408,0,2.65822748086553,4.16966849952309
gltA,4.56427450543386,4.53402423932402,3.57637701460747,4.66671115195532
gltT,4.66154439787014,2.98528728915735,2.06448971189881,3.03869428438374
gltX1,6.06173732204684,5.55440466608585,5.23612520097889,5.49657739244672
gluA,0.389663722373091,0,1.45205241111251,0.734610348554522
gluB,2.73964291441256,1.68988953815801,1.53802654938229,1.18241898578427
gluC,0,0,3.38880671876019,1.76852735422623
glxK,3.37315679011887,3.03311284383113,1.41072099685343,2.82831473886563
glxR,6.78636112069548,6.18568223321038,5.52328279892325,4.09401643912952
gmk,10.4022979579109,9.13119074974152,9.32960575985515,8.23931688386874
gnd,8.17809214052249,7.43295105832231,7.5518620383726,7.53545424416262
gpmA,9.28432673284369,8.07474625077286,8.13855851851984,7.60798862434472
gpmB,6.12977551018094,4.6328207549549,6.69901018715825,6.14104238969713
gppA2,4.15438067835213,4.38694196923072,4.26746838083744,3.18731960601024
greA,4.612912717151,5.82425360413042,6.1826704503719,4.1521671906731
gspE,1.17580560784074,0,0,1.88676863225975
guaB,5.90433235404902,4.03019480388584,4.16080727158339,4.44291696328216
guaB2,7.36754580010534,6.12023372942573,5.62205767810454,6.22672815416283
gyrA,5.14221327660231,4.50966417575968,3.76342219810571,4.3704433048213
gyrB,5.50736652430909,6.07786464261469,4.40304270981968,5.47549025962427
helZ,3.73724328623457,3.083797137322,2.80236488226716,3.17852343755603
hemA,7.82741892606423,5.49215442782247,5.79303749932831,5.92096494041512
hemB,3.89444916219686,3.32425760833312,3.25538591724664,2.35685371200265
hemC,6.51089864179142,4.93826696990816,5.0482492661216,5.07169832311725
hemD,3.8011276078032,2.85673277283136,2.80771967169083,3.63874577957072
hemE,7.42750560967853,5.62724203294883,7.16297533837111,5.22765637199986
hemK,4.67833111609001,6.20959957731168,5.5191518662794,3.73121583220651
hemL,6.97489636376201,5.34257963402764,5.53154989507753,7.13442632022093
hemY,6.12826865191189,5.75022863217224,4.64173675741045,4.96104446737123
hflX,6.21377302782111,6.85820484423228,5.8420536017612,5.99204780951999
hisA,2.83056768494578,6.10204078110329,4.38828598918768,5.0271673245202
hisB,4.3907089519901,3.59625536558979,3.2109810334289,4.87658079208173
hisC,2.78123380009933,2.13602728516192,2.86949242692812,2.67542077278402
hisE,6.72088037476207,7.37643799360904,6.38105490462389,4.74676958335832
hisG,4.84440071866159,3.13672294575701,2.25205530360974,3.89932066625708
hisI,6.16358527528804,0,5.87024140704511,4.1298929419015
hpaF,3.35428147576671,2.56473910205295,2.26642076176826,2.27722006504026
hpt,6.35417531655535,7.34026850185173,6.47807064792963,6.50670983310145
hrcA,3.81003172801094,4.41057854898612,4.09643053999702,4.28685897505055
hrpB,1.77732081452605,2.15778104292707,1.08017327306286,2.1615523578589
icd,2.442107485509,1.3305584000308,2.61603769000576,4.1930857088971
idnK,0,4.43557525868393,4.73297463406054,3.56065382203349
idnO,3.70498259633715,3.10329788101133,1.79401237521007,0.720546400705044
ilvA,5.19935825458511,4.41869594960205,4.89792288158624,3.8318164521986
ilvB1,5.40062672910239,5.50433118886188,2.90284731254385,6.76111237366212
ilvC,7.54704103642947,6.16789378042664,4.57199225127014,5.71875889485681
ilvE,7.17540483726113,6.23162056711283,6.25563291119381,7.53045315808505
impA,4.05740694735797,5.26847182291237,4.13865885648107,4.19643393548262
infB,5.23590317427896,6.66620269514984,5.22034156450324,5.56487199062618
infC,6.90716708566191,8.45357519368171,9.03063403387771,6.70147974825286
ino1,0,0,1.67836492278422,0
ispB,5.90847668796254,5.19021186062542,5.916641446213,5.99289076467162
ispE,4.16306392607437,3.44759770947371,3.14368401834776,2.51581335736198
ispG,6.51457835750575,5.78416892050203,5.86374274190939,5.77792463616906
iunH2,3.57770676554161,2.83492960558839,2.10311824243398,2.15807199163811
kstR,2.38711710738657,0,2.42935351042052,1.96321885534707
lcfA1,1.53289043195925,1.63492776764524,0.596631786844605,1.15159258830879
lcfA2,3.0597999938861,0,2.26547890402855,2.50282194081125
ldh,6.29593052557878,5.53446941997025,5.64089562932857,6.98979751820742
lepA,4.10804766137673,4.00851378058485,3.79190781725219,3.73093335558039
leuA,0.741191688529326,0,0.236968896993345,0.500131018340238
levD,5.59510080017668,5.05155917007107,4.600364914951,6.4096930218231
lhr,2.63631603929851,2.39046959026116,0.520435323873229,2.40721676970435
ligA,5.91692801316389,5.13442221289824,5.62439338221977,5.97446506890793
lipY,0.644951760254565,1.81988477584097,0.413012338080491,0.344962536451472
lmrB,1.64524051264527,0,1.27366507485719,0.764258670034044
lon,4.06710517898635,3.40758932828939,2.3821083249337,3.2712553395726
lpdA,5.48949476793665,3.55350796036909,3.92977206458858,4.72016352667973
lpqB,4.83478704933734,2.84900443744529,4.24087145316585,4.79238686882504
lpqC,4.95139662878688,4.99371511527217,4.74094374603607,3.35393440139448
lpqW,4.66687586489075,5.10448763162877,4.40581541452774,4.37733895707283
ltbR,2.24996710486723,0.608836677271186,0.736210867281533,1.35631850100112
lutB,6.18948459616087,6.10323954289784,5.77031106252803,3.11846770806762
lutP,7.0635676550462,6.14598511582222,5.97515324410369,4.25621812558591
lysA,2.43758197614449,2.46459247125121,1.6799416880683,3.31388432800847
lysC,5.94540871964121,4.21092650171035,4.50429622626421,5.40647544552165
lysE,3.49934843022079,2.48379772331391,2.77167222130609,4.22814142667968
lysG,2.96109541645296,0,2.71195957784619,3.4219934288176
lysI,3.35853833003857,3.32303854260132,2.89041167066246,1.96549248450919
lysR,4.16390121381454,4.88329822645315,4.46872666711556,4.38032772057045
lysR1,3.36291027485205,3.18764741188809,3.88216370155387,5.90142204816632
lysS,6.16057536157131,6.28946931976721,6.22508979886764,6.65026337676155
lysS1,3.72336196586168,2.93797519787665,2.75554564842388,4.22812603062458
lytR,5.49225699439803,4.81001629913504,4.34825366851877,4.28076334788622
maf,5.43976939415668,4.09064175191785,3.11332210877255,5.0990763425155
malE,7.24749084228685,6.6790718646189,6.88981421975658,3.28304907783789
malG,5.19488683883628,3.55905122836702,3.05283146123996,1.80462358355652
malK,6.37476998723378,4.26788781465684,4.58014548442338,5.13181169887791
manB,2.88797360628684,2.87396867825934,2.53825754332829,2.3526172989585
manC,6.65047306162358,5.05115890123688,6.31970101971315,5.76031942966687
manP,5.67725734147526,3.88832438042321,3.96127140852891,4.3397787569259
marR2,4.33750416256975,4.46091945015743,5.15545376723012,5.14436865518917
marR3,5.64921018301946,4.80208462290559,5.0775036519177,5.56420132697402
mas,5.64462638330318,3.35854536274851,3.26118928183376,4.86781741004371
mazG,6.61153094318979,0,6.20797286903356,5.13121493420408
mca,6.30370039330416,3.39065255423942,3.98323989526899,5.32526407399933
mdh,9.92386375330735,9.06516567777429,9.12911812808932,9.35882260002275
menA,6.34487819528161,5.66733582556681,4.39368390073135,4.01963965129083
menB,4.08238751883019,1.9196146737387,2.87679784570673,3.31606027891122
menD,3.41131776833697,2.47932370206888,2.18798622470303,4.13409769744888
menE,4.23709712252976,3.7276808928564,3.12759036138605,3.78514248020652
menF,1.79924897835574,2.77270913706194,2.42037190848369,1.33918300301388
merR2,6.92931759491176,6.63755663391175,6.46896772381765,7.00932477555286
merR3,9.67477134894191,7.82960224123778,8.12823152746891,8.14856809825616
metB,0,0,0.703866152840506,0.358495289106774
metG,5.39689585942059,5.28788226131502,4.8097179750974,4.76193944467996
metI,4.00581315380433,5.15661099848469,3.35948181343992,4.02671154773039
metK,6.74703823164797,6.15430776033908,7.14149410089584,5.84314722016261
metN,2.76625167250024,1.98342597625974,2.55400674493895,2.06531724979097
metQ1,1.44464586617121,1.43719577338063,1.20491070002793,0.751962386690055
metX,0,1.65411928649662,0.997882734858139,0.798322640919132
mfd,4.16197633689005,3.85859773978146,3.50306882008757,3.57023217851776
mgtE2,5.43909782115395,4.25145400617244,4.62854615162096,6.31263794853097
miaA,2.98305743962244,4.9079193511918,4.16946005812869,2.53043536628937
miaB,5.00253151083273,4.28086725583289,4.3902411966469,3.15298487395849
mmsB,0,0,1.14511656980286,0
mnmA,4.8165485099189,3.57053579257202,4.57187093585556,4.43428794497946
mntA,1.80455337529841,2.04482773706056,1.60187238621074,0.735581096971928
mntB,4.76052435964126,3.99916118970462,4.31804201610491,4.28686636600095
mntC,4.34475039623461,2.83654021995737,3.66556331917026,4.52322947062932
mntD,0.466874529834332,2.65474027111317,0.028151417366282,1.0966126997398
mntR,6.38064634155685,6.69276194306377,5.89685791544712,5.92732997571745
moaB,7.52490209892395,5.57418024244608,6.95640519963557,7.95162276146962
moeA,3.15784408679394,1.18133158228197,1.96800962697616,2.14072304061629
mprA,4.62256728944326,0,3.04167053984914,1.93573883043876
mptA,4.06983962506863,4.6892320568804,3.68765422179959,2.67278964718914
mqo,5.51675270022306,5.74277695185244,4.13553486976119,6.25115856675911
mraW,8.20826850456388,8.46495409877734,5.41869932235098,7.51031319343798
mraZ,8.3045521098469,8.70189208593468,9.07403171739725,9.55674744161509
mrp,2.06308871201928,3.3446609301653,1.85814813907726,2.40255301584593
mrpA,3.80865276365325,4.42906020200217,3.34620663469958,3.84956898805103
mrpC,3.21397244373662,0,3.85162912411733,2.59503334737995
mrpD,3.76601202973471,3.61828564815392,3.18073507004788,3.60645407286985
mrpD1,4.26524934550597,2.79705656940183,3.47916587651375,4.08051270443348
mrpF,4.85457919207511,6.39026011616615,6.70113315484797,5.79491747309001
mscL,8.24345963737763,8.19705447296344,7.08324528592779,6.39785086839766
mscS,1.77751860972613,0.855099893868155,1.14137393091008,2.16765016271732
mshA,4.22813372867267,3.32610154010005,2.2829290225266,5.12038097314947
mshB,4.27397085620545,4.2498700468225,2.60838583233225,3.75774867994023
mshC,4.19555233309064,3.82553125118962,3.85095940261566,3.99550260898404
mshD,3.75846308864756,5.64927342507598,4.79780157394539,2.78550661111962
msrA,4.27618397338808,0,4.3073556599663,6.32638274484353
msrB,5.77364562744528,4.28407729059789,5.95109350877226,6.846204948722
mtrB,5.75526148573385,5.35198161045256,5.5434061761853,5.62045151802412
murA,5.7972594604284,4.84683928058924,3.9435744380921,5.28056293285247
murB,5.27362778001466,4.69579342488249,4.35140218362996,4.30459135154553
murC,6.65052476005679,4.50596077683072,4.31068911751928,5.26759946700568
murD,4.79763558953,2.50629980471007,2.40459253880195,3.01469450069279
murG,7.35850175939421,4.71659588199414,5.0191770408783,6.53769986577651
murI,2.14324972982264,2.59210775813958,2.2008997817476,2.76711024228235
mutA,7.6787128039895,6.38037621091229,4.57082113153503,4.57385922157595
mutM2,2.54712403843512,0,2.67928416117636,3.66978647557006
mutT,6.00626435763075,4.02844538628411,5.60890384252742,5.40063355960821
mutT1,3.6314652020773,4.70883834391034,5.32503375754956,4.21171311689092
mutY,1.42668341102352,0,3.58401241371461,1.1485762327377
mycB,0.994400869628998,1.10654933128462,1.59907970556485,1.48971247317465
nadD,6.62272248012575,4.23570408680418,6.35927341435288,5.00498670332244
nagA1,3.47146062294553,3.16193765195426,2.20760240976947,3.4142803365703
nagD,6.99812779059549,7.17937171041247,5.25524389546378,5.3239500571124
nanE,2.95443270685065,0,0,3.04333925488566
nanK,3.15605839473908,0,1.87192642371896,3.35268508920325
ndh,4.01560461145512,5.76689723744005,4.49507472152249,5.44249901098093
ndk,8.04257867928333,7.95999613810046,7.50053917058122,6.17981954064704
nei,2.59398234785502,4.33671898743065,1.49837853400646,2.72508454269415
nemA,3.84990921327622,0,3.38844718747419,5.72015531643263
norM,1.93704301445102,3.32448084800851,2.25866665394369,3.5290088116844
noxC,6.20318744986539,0,4.65358745622635,4.24670450098045
nrdD,2.74808977708977,2.83475368307408,1.60966514546522,1.93357263826102
nrdG,3.17465568856063,2.64608890728359,2.89787158760355,2.08774456359692
nrdR,7.3087667690388,6.34511601337118,8.18903382439002,6.8823862757003
nth,3.65219964830406,4.55895330235029,3.39781117452436,3.9766935663741
nudC,4.91844348311368,4.20361620430208,4.00222544314707,2.75577635590334
nudF,5.84196305825723,7.09466889789132,6.21492133241877,4.99712527298227
nudL,5.72959355469772,4.57213781630314,6.24437334997811,5.53918983647423
nusG,7.35846659443886,4.92702412735025,4.45307634074,5.31748497283003
oatA,2.83095905461184,3.11121664672173,2.97492205385453,2.60213139852836
obgE,6.20578543121487,3.52770844426103,5.83856356826407,6.00111089820921
ogt,6.27942857875828,6.72670862633164,7.13487805434311,4.26521183247137
oppA3,6.32000261603724,5.83774145224934,4.06298513586133,4.48337081051582
oppA5,1.70723763685652,2.88710214812683,1.60641380036304,1.80239590394194
oppC3,4.53219226120045,2.58518610112391,2.69675058421185,2.20987753359339
oppC4,4.76164164736494,3.33570333643381,3.4491519476779,2.72707963557511
oppCD1,6.18595572013335,5.54838421815512,5.22760246696725,5.670358828565
oppD1,5.12179043404625,3.78677407424712,4.51232171435976,4.62942073843436
oppDF2,2.34484837651655,3.34950823773919,2.87761273297808,2.36791057743777
opt,4.35501626421955,3.64005401056142,2.94063472807907,2.09208562943372
opuAC,1.73091379745906,5.78429981352466,4.18493880026361,4.91922565397492
opuBB,3.45651705568735,2.46501844395013,1.32788277576755,2.74131596742751
otsA,4.4900951437536,5.1687543406325,4.28688853862497,3.84690445304323
otsB,3.90135929259626,2.75133731377547,2.48498364562989,2.57152149045381
oxaA,4.77469219434261,3.3611507313006,2.87807593353502,2.92496258357967
pabB,2.02034573575181,2.04230113126341,1.37538980725509,1.77138699159546
padR1,3.91710708860696,5.89683854514793,3.60442720782333,4.70047855940779
pafA,2.48350624970721,3.55256151571052,2.01009233638769,3.01096956036529
pafA1,2.16396560044094,3.07466641187186,2.04276689124774,2.03761415919912
pafB,3.84386327953657,3.56584085376054,3.02281875121211,4.8340689987666
pafC,4.53450988412709,4.85648279952491,4.47854475585798,5.52297221234533
pbp4,4.90451781659014,4.2566861262416,4.6266669126693,4.25885054062838
pbpA,5.65090526096775,5.07052242754394,4.65973051200106,6.05711880416659
pbpB,4.16711703022744,3.52832126339897,3.15459130968975,4.25707098075246
pbuX,5.15204141452312,5.05552105705108,4.42684842484451,3.17232909198401
pccB2,0.565257907672329,1.0548831984801,0,0.729383095624514
pcrA,3.52519190760844,3.0675234205607,3.16379979905061,3.87570143994299
pcsA,5.11783631349298,3.74788146226693,3.16785083927006,2.65744565126376
pdxY,2.58879737270718,1.76831138223129,2.19131628506651,2.28057926400822
pepB,5.27162736438713,5.45023799505994,5.31731130497619,6.38445913416787
pepC1,5.66722510769442,4.71215002776883,3.83783226108087,7.39613379494996
pepC2,3.95580564626044,2.32309908790171,2.75649814654996,3.12780989176343
pepD,4.35484705628603,4.43789352647417,3.33136270056023,5.74953694925606
pepE,3.92955431573285,4.64601861092535,3.69521436916039,3.79905621317341
pepO,4.30832446658284,4.62509511059851,3.50887229544116,5.42049250780989
pfkA,10.6701073895586,8.80762218231974,9.668505650938,10.068885737301
pflA,5.57379561462319,1.73682564595964,2.33680609156341,2.99766816404419
pgi,5.76812873362175,4.63050449027288,3.55968758550793,5.17503749951307
pgk,8.37977689443567,7.87941783560329,6.8414699994658,8.33460402797493
pgl,3.98883917182789,4.97381329378014,3.40111298031486,4.72069435681143
pgm1,3.84498815668261,3.23333436878668,2.96237133561954,3.37136788454154
pgp,4.68279238159431,2.89452094979767,3.6715990917833,4.14495184982397
pgsA,7.625160880138,6.07886810658759,6.3550092142852,6.29454172011979
pheA,2.86237203843633,1.51099229148485,1.02248144853163,2.0754265215802
pheS,4.80104480909502,6.08253654723724,6.000065370638,5.26755077924787
pheT,5.75380507492183,5.60578765518453,4.89641233275365,4.42451232612582
phnA,6.55791242771542,7.27811488144698,7.40916178402159,0
phuC,3.59860341139054,0,1.87950189279598,1.51427378254596
pimA,5.54280901690066,3.52992086999742,4.5850646880008,4.19348002146471
pimB,4.40744113220065,4.14894223694446,3.91372238674845,4.4445345575384
pimT,4.3543463665872,5.48912864080725,4.96664733517559,4.76284840980136
pip,4.37377347608804,3.51581335736198,3.2094455672563,5.47121347809721
pitB,3.45818249104688,1.29512349104711,2.50819283248839,2.33170521649889
piuB,3.04442734467983,0,0.448959080543444,1.79862706269928
pknB,3.85419517626058,3.89752119124739,3.67721505052822,4.30667783704576
pknG,4.99984219659987,4.846463228163,2.91565091909818,4.5631642331608
pknL,3.10156772046217,2.59750972135035,1.66798746935221,2.99077156296826
pldB,3.93075625802952,0,3.17078715481547,5.01535483429346
plsC1,7.43642005914988,6.3265463361941,6.00941212074168,6.86375265183938
polC,3.40082480064256,1.90358207135673,1.79634856240059,2.19891527111617
potA,2.4577413641381,1.92780166119021,1.179103343738,2.06546546686744
potD,4.38605905956566,3.8888503817673,4.21643934386663,3.63499976774549
ppa,6.01618205556537,7.50241016927125,5.77345574050451,6.26355465905721
ppc,5.72729696671629,4.81964263980289,4.1488853090549,5.29641702602888
ppgK,5.12651037988231,4.91433968280821,4.3876727200125,4.13277423327633
ppiB,5.14668780294039,3.48802648709401,4.33906610375942,4.10757070834738
ppsA,5.04966561501004,5.28034392903922,4.70564620952314,5.9731244789695
priA,4.01923042657401,3.38386876761061,2.8427536130327,3.34091399877788
proB,4.12802938874064,3.03287136809142,2.51835636464619,3.338666864165
proC,4.05460540320336,4.33659046353208,4.25052960962084,2.77107000354233
proS,5.8517215612488,5.75747135140392,5.10617659976234,5.17556851200283
prsA,5.4867529816588,5.54303182025524,4.79528382168281,3.65483648835314
pspA,8.75459693015221,7.80011687984431,7.47931141299387,8.55094682522647
pspC1,9.17218745622475,8.56977967501474,8.7023285503594,9.31154398495185
pstB,0,0,0,2.33546324691768
pstP,3.14007512954922,2.3621893179518,1.64149516394262,3.88328844987757
pth1,3.21401908675667,0,0.884339248074597,1.08755788626335
ptpA,4.96683187789997,0,3.14218304575161,4.62927501077923
ptrB,6.15110180383673,3.34930724022525,3.94854478312522,6.26916221998331
ptsF,3.58167663040683,3.82239364979056,3.03725218029219,3.78373950801096
ptsH,11.7253960829426,11.7888692002018,12.9043279128923,11.3060161059265
ptsI,8.43026854404219,7.17200739069316,7.05530413000034,7.64821375477421
pulA,2.8328454671038,3.50169390324551,2.92040573837551,2.77982701983433
purB,6.02425318176317,6.0958991093372,5.43148924684041,4.55651525110503
purC,5.9957920198434,6.09533161210131,5.21679241163711,4.8633041593428
purD,6.02628882988829,3.42409303921037,5.07497632476891,5.90478031371675
purF,5.77241355474848,5.44771142651469,4.98993372431032,3.76134910801311
purH,5.20076719981176,5.79095965940953,5.80299707566816,5.53631716284292
purL,6.77925972037238,5.11822266009063,4.95064570730359,6.62764769056615
purM,5.37526885376128,5.12274311267418,5.40967265848428,4.94896988354234
purQ,6.8849153375845,5.58667168262122,5.78531513994176,6.2756626689794
purS,8.02846969828351,0,5.8737639923685,7.02496232973691
purT,5.89559830473203,5.06299376749185,5.83223938918737,5.46692071873482
pyc,3.73988049818233,3.89660123787379,2.25157973895333,0.702167254032817
pyrB,4.6025697125171,0,3.72741950743617,2.66421885308318
pyrC,4.57406516770624,3.44743240709289,3.13498316490677,3.18565408886033
pyrF,6.65465034801066,6.2277237504584,5.95652136333312,4.4700877832164
pyrH,8.10152927221802,7.18256319595573,6.33898412607106,5.68897479728295
qcrA,5.93197374122356,6.23073908159362,5.81901412248972,4.08423438389024
qorA,1.61567053573536,2.94179180391175,2.5881833262043,4.25598406831464
radA,1.56082254127943,2.20154604227699,1.14705265787493,2.13272159842195
rbsA,5.06333899037225,5.45260861234675,5.0641068150262,3.69786276225371
rbsC,5.04014722558969,5.74239702261628,5.47465668149174,3.85629852852087
rbsK,4.54093239051364,4.18254134685632,3.82539895779903,4.95022110046588
rbsR,3.50320878441626,2.19332388657638,1.79938990864118,2.25008235281513
recA,6.41520599171169,5.61341378086092,5.46542927084261,6.10812713822054
recB,2.85817002554155,5.27470893921471,5.10036378323981,2.65085874473138
recF,3.80494154288864,3.4635439905208,2.8935816079967,3.21425538821819
recG,1.37526746343229,1.61398890534732,0.501303595522048,0.419165630159656
recO,2.14015695255418,2.58961010261454,1.93902341992483,2.42329041000305
recR,4.42873869962164,4.69676171023737,4.56132613645392,3.13818864119184
recX,2.04844894655335,5.59982955017219,5.07391446801355,2.8002724822944
regX3,4.37745001958115,6.1705420223564,4.86106208522204,4.40953350130923
relA,5.64071635651909,4.72635714191182,4.30596322725998,4.48958146864927
rfbA,0.717028634374736,0,0.34087555476068,0
rfbE,3.57051150579889,0,2.92347058891516,2.22282619512745
rfe,7.20808800822477,4.7072321141032,4.6813199454664,5.81410431871727
rhlE,3.01393742226816,3.45074145876962,2.49961886394697,3.06342528318632
rho,6.1635389854892,6.77302048864329,6.70666868217975,5.39265057816341
ribA,4.87192740910951,5.86173953908094,4.8708627949604,4.65662221475109
ribD,6.56531080171176,4.76586886130181,5.38245283822071,6.03504759631182
ribE,4.81262657327555,4.80849831991003,4.55585295803714,4.20364752383296
ribF,3.62472089793919,4.08004361990506,2.98417006030548,2.76774800900267
ribH,7.32395545963164,6.85801830572375,7.61852499274532,6.57213630007641
rimI,6.05338290258571,0,5.82800950874596,5.57084541309642
rimJ,5.31746688340398,5.28767913947278,4.79442626411473,4.34236984566062
rimP,4.59909756353785,4.93193356885141,6.39182441774663,3.60512685732938
ripA,2.94867933394869,3.48689453778936,2.0321960790605,5.87910288391178
rmlB,3.82136327352384,4.12503111209151,3.16957390293031,3.05501686839411
rmlD,2.6549556055698,1.61974635320069,2.56980458158292,2.13273475731557
rnd,3.59593325422518,5.67967432244648,4.37934370731461,2.3425092338749
rne,5.57513985054249,4.22951870863173,6.05581819416735,5.20639707596168
rnr,4.30297699797526,2.96065256247104,2.9091260019811,2.74193288817931
rpfA,7.10651583126625,6.25695402602491,5.746428327905,4.03912084276564
rpfB,4.67102723071766,5.51893792953157,4.64387350201134,4.23535944739095
rph,5.12577093558286,3.68708309026287,4.34184346259505,5.21532137277387
rplA,6.27059808543431,7.7295255803176,5.45818839808132,7.25791579132422
rplB,7.42425868554167,6.70704156616622,6.89427210318217,7.52599836585391
rplC,8.35087290000668,7.23328412726618,7.49793963314794,8.38239490624827
rplD,8.00488898018913,7.49105137636412,7.16129315341585,8.21508641105633
rplE,8.48685512867089,8.8918991142052,9.45887000587147,7.48942251336242
rplI,9.65394852616241,8.72740997686457,8.19143434051605,8.01279770774097
rplK,9.00938076666694,8.5962270346044,9.65723983619267,9.33436268269481
rplL,10.1734272973486,10.668645696818,10.6603346809023,7.00533261249062
rplL,10.1734272973486,10.668645696818,10.6603346809023,7.00533261249062
rplM,7.47558753307966,8.49261431785213,7.41698326131709,6.24479574642115
rplN,10.2413992821244,12.8028273268977,12.8002244894018,8.59383180115064
rplP,9.01283401470807,7.74189838209574,8.00963829780693,8.39525992237332
rplT,8.57092584284969,8.34466430299474,8.7959584650945,7.24344059554352
rplU,9.40377685406944,11.8467126872173,10.6990778789427,9.0133729260785
rplV,8.86046936241882,7.78233648079803,8.07615821956263,8.19416094263012
rplW,7.10204918219945,7.83217481700861,9.61982931008757,8.82118721981963
rpmB,9.16513060246893,9.78227094664579,10.0387406984706,8.17474595842949
rpmC,9.89040109092749,8.72307726431535,9.84327726788079,9.49227782734272
rpmE,9.24541009343705,10.1004126707202,10.2523934233179,9.6019508819529
rpmF,13.6971847832245,13.3614914903061,13.3826105181311,11.9253578639184
rpoA,7.0484214812337,7.24631306995515,7.20894638370714,7.81288965086539
rpoB,6.73466898035652,6.18177641983724,5.93969909112165,5.57371685927227
rpoC,7.26011977443628,7.2359950515404,6.07939091226009,5.89639780056599
rpsB,9.61447980424533,9.0427537609772,8.8862544328179,8.65590275276394
rpsC,8.90576304960279,8.30182996536555,6.8661785356502,7.69441360882648
rpsG,6.93204935677198,8.0042597992398,7.78912278517251,6.61247193197152
rpsJ,9.02825695439608,9.61413927790823,8.88280809401457,9.03775009747672
rpsK,5.37083036164988,7.59741198755465,5.16376840732168,6.51936734402097
rpsL,7.01929048312046,8.2875092337859,9.08559195957359,7.28640990377906
rpsM,7.80247112873325,6.95036342767039,8.68451370319762,8.11042066769467
rpsO,10.5966277172255,10.1385022033414,11.2769734839005,10.0222845782212
rpsQ,7.94111805158096,9.25266543245025,9.43499927777434,8.57706244272317
rpsR,7.85720969336015,9.14409736896418,10.8710273439576,8.17260752175225
rpsS,8.76844239851228,9.03883121810283,9.4630236344198,8.52568914632052
rrmA,6.86977272325138,5.67177456804202,6.00555269333238,7.32752569855258
rsgA,3.15445197240151,2.39362761915964,3.69194726147176,4.20710415016848
rsmD,6.74533146464118,6.2618372989688,6.64079009238771,5.24267871601541
sbm,5.23764784248419,4.13012365709175,3.83729741566307,3.35335575849418
scpA,4.75556060280461,4.74034475351944,4.36906858835383,3.59158368084354
scpB,3.4007414773083,3.75131374507094,3.80889983925777,2.28156769698004
scrB,3.59466797300482,3.2934543593852,2.86434464664681,4.1797976499561
sdaA,8.24506776514348,5.84057904767094,6.4734833423554,2.18534961910547
sdhA,7.40950974142562,6.49311570332704,6.09640734671248,4.70598895677458
sdhC,6.74597677931644,6.5258715547203,5.63696966613254,3.85797104547229
secA,7.00043950419295,5.95317908454359,6.32734784544036,6.91709753847778
secD,4.51881206956473,5.40079748204682,4.76240728772908,4.41141946612858
secE,6.3305386811517,8.26168594551174,8.77564649170373,6.40404476840268
secF,5.63176201997794,6.11290651510972,5.65509704449179,4.83265713932914
secY,6.90834458018066,6.25344285922396,6.77287537550405,6.21706782210089
senX3,4.37091054962832,3.23124652967257,3.71342088486808,4.03851519759939
sepF,7.79017904548609,7.27848662862836,7.94541457249002,8.15751873470035
serB,2.14385051536735,2.10721247151645,0.50310139481643,1.40251481545561
serC,2.84742171763574,1.66869554277983,2.86103031400901,3.52302241268602
sigA,4.37566504292858,5.50123849149814,3.86454274965237,4.73894613640493
sigB,5.75777800964892,4.5413289770456,5.42798489755561,7.63923216324928
sigE,4.68207321123482,5.03770288288705,3.51253031368296,4.95719957257812
sigH,5.65646776806852,5.80865533757557,4.92971526370767,5.17722816263843
sigM,2.93299846735501,0,0,1.86810988801978
slpA,6.41236829997947,6.28898600545911,6.78830724060412,5.88681349560704
smpB,5.94340096257858,6.51618853743004,4.79829941264165,4.44285062973083
sodA,5.36546858577813,4.59516347472757,4.99147196027664,6.51241495566382
soj,6.16045233330132,5.05945911469341,4.56567028354784,5.39949583458825
spoU,5.73209821535231,7.18222549109091,7.20897563750741,4.76704560234553
sprX,6.21825226345268,4.52480966120644,5.07086156147196,4.81285243792427
srtA,0.860138051520016,2.10825680156701,1.33468267993572,2.51004792295542
ssb1,10.3327974280757,10.8672632932133,11.1556088435421,10.1839950800181
sseB,5.19633950384768,4.98361841713537,4.39563866548085,5.92584517482157
sufB,3.70080589425416,4.09141211259535,3.42488178890369,5.45862479539055
sufC,5.38556563643264,4.43166307115867,6.46042968386921,7.1800483779844
sufD,3.82592805859012,3.37751942930736,2.73387274988988,5.19786539135374
sufR,4.53779924504429,5.09627872263986,4.15094954147193,6.505702008129
tal,6.27968857500757,5.61607240007822,5.48765998710728,6.27236104779213
tatC,4.47029607045416,4.08236196955747,2.11130179235221,3.93312880908928
tatD,5.48347722809371,4.72807288221299,5.60149744886016,5.76027950485537
tcsR,4.07919034799331,5.14770151331566,4.04350199573928,5.99500504838322
tcsR3,3.50324695414937,3.28838071189631,3.92635055816605,3.32189491251982
tcsR4,10.8760641148275,10.7067722707327,10.3322715687512,10.1378108834161
tcsS,2.82087741519847,3.30035072978617,2.15401280988491,3.04629547462441
tcsS3,3.68277553014106,3.81666114007605,3.34978562493389,4.26981863268453
tcsS4,8.85731546073877,8.02937005875535,8.24406884340546,8.26471469265567
tcsS5,3.86209426894717,2.30230735139777,2.55250987359503,3.49620666592348
terC,4.44911231954942,4.34930865579861,3.87121282425751,3.33494863480108
tesB,4.81448889997341,3.96417680425325,3.40758932828939,4.73524054266867
tetR2,1.65108154963298,4.3594930584031,4.05126768093078,4.37553299196138
tetR3,2.79179323787002,3.84548001477005,2.55458394036701,5.38883701998525
thiL,3.4676968363726,1.67808993868794,2.7027949363762,2.99527103848819
thrA,3.34231152618727,3.21945819228953,3.37377486785754,4.76789840458497
thrB,5.59239125485458,4.60361447700902,5.32119574130367,5.75113428889855
thrS,7.7503988211179,7.00129558940985,6.65861138238356,7.4924460824077
thyA,3.22617556176299,1.91806178241406,1.83057579731169,2.40446174686219
thyX,5.41125335602754,4.6475908173316,4.79719978955893,4.52457775747599
tig,7.38052167215972,7.74946052207886,7.09588223531627,6.71278834702442
tilS,4.9774905873943,4.10870844093537,3.41457395903682,5.19085976574257
tlyA,7.25884865666233,6.1392975794634,4.66665435003077,3.22120119101661
tlyC,2.74152523235223,4.72655877910497,3.52450253744916,3.08462558171325
tmk,7.12715863091722,4.53023932987318,5.76959192001052,6.42890280874693
tpiA,10.1380285569011,6.65195578383198,8.8729703139636,9.34685497550307
trkA,4.05505679336894,2.78757664323028,2.73514520772462,1.41221788366513
troA,3.50972117437192,1.35889132974862,2.66041070123846,2.58027334303369
trpB,1.95315719583129,1.44021870804533,1.51399092790494,2.29741741619432
trpC,1.37679046057705,0,0.628484327424326,1.41879982665073
trpC2,6.4561572504278,5.60797827122227,6.76895179319675,5.45259543470287
trpD,0,0,0,1.86305829656109
trpE,1.91532202649622,1.31429628538795,1.28457335596304,2.81143609304741
trpG,1.83916548372011,0,0,2.27002054575232
trpS,5.72907686906721,4.59475753410867,5.21412480535285,5.63473555622959
trxA,5.96880961581414,5.1626813492876,6.14117321653891,6.41957765499528
trxA1,9.80957200530229,10.1992674501304,8.99439021096964,10.3023761763004
trxB,3.59195462281806,3.62032834435666,4.47458530222434,5.46411604298212
tsf,5.9206339227957,8.06845047762868,7.25207877487548,5.46839107518507
udgA,3.49189156768448,2.51025305285479,4.02571098893705,3.24978359900365
ufaA,4.27002802347142,4.93642593558369,2.98497207401928,3.47895886600594
ung,3.74784924594901,3.67292312731386,4.10612214777093,3.21045120946998
upp,6.13728628342556,5.85295265869446,5.6477462172081,6.28320876556243
uppP,4.31737643287129,6.06112165302323,6.55605689084415,4.13510797375544
uppS2,5.68257329734758,5.01296638775698,5.346669739678,3.19921375010405
ureA,5.25400816934386,0,6.16129315341585,4.06134418828839
ureB,3.32196704712761,0,3.89168164791742,3.18873164937737
ureC,1.84247606299394,2.43274833089472,0.975640457147173,1.07548471167504
ureD,5.31620730176234,2.55829947586993,4.02944405113015,3.48725479982342
ureE,6.56698711057658,6.57654481211954,5.31774181820497,4.59413646273126
ureF,5.53572950131429,4.74650088503361,4.2461344205044,2.82794296914864
uspA,4.60430265835508,3.93502593113755,6.44495357660013,5.7891736598754
uvrA,0.629790237781717,0.653810298633912,0.322190064520665,0.171395159859419
uvrC,3.73341942313262,4.37737366502514,2.50897368038245,3.86623542069621
uvrD,2.33878379577237,2.67422334667595,3.42103474332789,2.10837056109923
valS,6.56451078553443,5.49306445146606,5.16125485332066,5.78798350471564
vapI,9.30576993012588,10.6523699703596,9.85195980938579,6.06275422057523
wbbL,5.52731435159704,5.65780575700192,6.48893590499088,5.60744276559576
whiB,6.16558840140459,4.8234181952626,5.7953747448665,2.51392020557877
xerC,5.22926104915023,3.46690114734736,5.70650568779806,5.7074005485689
xerD,5.66080314776861,5.39838115590371,4.25625587320273,4.9005142402578
xseA,3.14225004299946,3.54470793087001,2.58178507518013,3.24282502809725
xseB,6.8157547299589,8.44790561730706,7.53325185192897,5.57829569524779
yabJ,8.09593496597637,6.9183265980021,7.74721954096742,6.91852935185541
yceG,5.42086636902113,5.80877630674477,5.86491659496284,5.67540665798245
ychF,4.29557610310383,3.99739177582017,4.1426911666968,3.39824501035492
ydiB,3.53259125729057,4.74103546167172,0.752007789250029,2.56254528205564
ygbN,0.76599039630497,0,0.84474638209923,1.16558397989231
yggT,0,0,0,0
yhcL,3.09294821930102,1.96743424558958,0.918851791053657,0.410616807794823
yihR,3.05564859493029,2.68159768772313,1.18577776134621,2.81905705433571
ykoE,5.45391260364389,4.15700327530089,3.48199635114343,2.78064395926264
yngHB,9.10060715289351,7.86771117447798,9.81422515237355,8.82297864733054
yusR,5.96256984422144,6.4763930294648,4.24334157395448,6.14092586205208
ywlC,6.1509028444602,6.42275440302701,5.15252417291426,6.41256476613875
yxlE,3.59191872937568,0,5.07400013060151,0
yxlF,3.86862750773712,3.92225494601479,3.48724193487118,3.18915562573745
yxlG,2.92611331103744,0,2.00294729877171,2.45263760273961
znuA,2.31281036502844,3.00164193427881,2.10643207781693,3.29290687551426
zwf,5.90621958639277,6.2275331575371,5.48166060342158,7.08330911916708
